species,partners_tested,strong_links,strong_but_shared_years,weak_links,best_partner,best_r,best_partner_beyond_years,best_r_beyond_years,guild,host_tree
ips_cem,44,12,0,7,pit_cha,0.5794674466791996,pit_cha,0.5073575272653552,borer,Larix decidua
pis_pin,45,11,0,1,tom_spp,0.47459157788404155,agr_big,0.40422006732041954,borer,Pinus sylvestris
ips_typ,48,10,3,9,ips_dup,0.6975451525059526,pit_cha,0.6147238482528651,borer,Picea abies
pit_cha,46,9,0,6,ips_typ,0.645974459727935,ips_typ,0.6147238482528651,borer,Picea abies
pha_cya,47,9,1,9,pit_bid,0.6044388237191045,pit_bid,0.44155308216726846,borer,Pinus sylvestris
tom_spp,47,9,1,11,ips_dup,0.5594019061776835,CambXyl_con&BB_con&BO,0.554048441713131,borer,Pinus sylvestris
pit_bid,43,8,1,3,pha_cya,0.6044388237191045,ips_acu,0.5121560581936346,borer,Pinus sylvestris
ips_acu,47,8,4,4,pit_bid,0.5893332407556338,pit_bid,0.5121560581936346,borer,Pinus sylvestris
ips_sex,47,7,5,7,pit_bid,0.5263323495026262,pha_cya,0.4191066172070308,borer,Pinus sylvestris
agr_big,44,7,1,9,pis_pin,0.4044548598037905,pis_pin,0.40422006732041954,borer,Quercus spp.
tet_gab,47,5,0,8,pis_pin,0.44438769006133133,ips_cem,0.3835359345646558,borer,Larix decidua
sco_rat,44,5,4,2,sco_int,0.43571267708369443,sco_int,0.36068165608706193,borer,Betula spp.
pit_spp,44,4,6,5,ips_dup,0.6416633164268658,ips_typ,0.31609549488038147,borer,Abies alba
xyl_spp,44,4,0,9,xyl_lin,0.5789800273779526,xyl_lin,0.5659284814263518,borer,Quercus spp.
agr_vir,44,4,0,9,ips_acu,0.4701470767696961,ips_acu,0.40243732586009073,borer,Quercus spp.
den_pin,40,4,1,5,lym_mon,0.4432021899808284,xyl_lin,0.3479276748658103,defoliator,Pinus sylvestris
sco_int,47,4,0,9,sco_rat,0.43571267708369443,sco_rat,0.36068165608706193,borer,Quercus spp.
xyl_lin,44,3,0,5,xyl_spp,0.5789800273779526,xyl_spp,0.5659284814263518,borer,Picea abies
pan_fla,45,3,1,8,xyl_lin,0.40239394906106984,bup_pin,0.32228446866460003,defoliator,Pinus sylvestris
tet_spp,44,3,0,3,mel_spp,0.3689755364368466,mel_spp,0.3412585056020712,borer,Picea abies
tor_vir,47,2,1,10,ope_spp,0.5102158892514843,ope_spp,0.4118505445371596,defoliator,Quercus spp.
Def_dec&DB,47,2,0,7,era_def,-0.4011728810889084,era_def,-0.47278623033362566,defoliator,Quercus spp.
bup_pin,40,2,3,11,pan_fla,0.37370528267476955,tet_gab,0.33484218875824695,defoliator,Pinus sylvestris
ips_dup,24,1,8,2,ips_typ,0.6975451525059526,ips_typ,0.21267587331046936,borer,Picea abies
pri_abi,47,1,2,11,ips_dup,-0.5704777170785686,pit_spp,-0.2477407517612625,defoliator,Picea abies
CambXyl_con&BB_con&BO,36,1,0,3,tom_spp,0.5390441793261151,tom_spp,0.554048441713131,borer,Pinus sylvestris
ope_spp,42,1,0,4,tor_vir,0.5102158892514843,tor_vir,0.4118505445371596,defoliator,Quercus spp.
lym_mon,45,1,2,10,den_pin,0.4432021899808284,den_pin,0.32545241558694343,defoliator,Picea abies
era_def,43,1,1,2,Def_dec&DB,-0.4011728810889084,Def_dec&DB,-0.47278623033362566,defoliator,Quercus spp.
CambXyl_con&MD,41,1,5,4,ips_acu,0.39856366387056996,sco_int,0.32179871025987394,borer,Larix decidua
mel_spp,43,1,0,6,tet_spp,0.3689755364368466,tet_spp,0.3412585056020712,defoliator,Quercus spp.
lym_dis,48,1,0,12,agr_vir,0.36464002527305583,agr_vir,0.2787909495151251,defoliator,Quercus spp.
dip_sp,45,1,1,10,bup_pin,0.31976033256971936,ips_cem,0.21515426719194908,defoliator,Pinus sylvestris
sco_sco,45,1,0,1,tet_gab,0.3095899257253502,tet_gab,0.25511847216121686,borer,Ulmus spp.
cep_spp,20,0,3,2,pri_abi,0.4241814920248439,Def_dec&DB,-0.1396443899941075,defoliator,Picea abies
pol_pol,27,0,0,1,ips_acu,0.28957731621901056,ips_acu,0.2606312027064596,borer,Picea abies
geo_db,47,0,0,11,Def_dec&DB,-0.276865879437037,era_def,-0.3560144571926316,defoliator,Quercus spp.
tha_pro,43,0,0,5,lym_dis,0.24772176627645368,mel_spp,0.28434324741531114,defoliator,Quercus spp.
zei_gri,39,0,0,1,pri_abi,-0.17291216853200186,ips_acu,0.1461728252649335,defoliator,Picea abies
neo_ser,40,0,0,0,ips_typ,-0.14974531554375956,ips_acu,-0.14670396473755526,defoliator,Pinus sylvestris
CambXyl_con&BB_con&SM,32,0,0,0,NA,NA,NA,NA,borer,Picea abies
CambXyl_con&BO,32,0,0,0,NA,NA,NA,NA,borer,Pinus sylvestris
Def_dec,36,0,0,0,NA,NA,NA,NA,defoliator,Aesculus spp.
clo_ana,5,0,0,0,NA,NA,NA,NA,defoliator,"Populus, Salix ?"
den_mic,37,0,0,0,NA,NA,NA,NA,borer,Picea abies
ips_ami,36,0,0,0,NA,NA,NA,NA,borer,Picea abies
sap_car,33,0,0,0,NA,NA,NA,NA,borer,"Populus, Salix"
tha_pit,35,0,0,0,NA,NA,NA,NA,defoliator,Pinus sylvestris
uro_sir_spp,42,0,0,0,NA,NA,NA,NA,borer,Picea abies
