country,n_cells,pct_observed_positive,pct_observed_zero,pct_not_monitored,pct_impossible,pct_suspect_zero
AT,10143,10.75618653258405,7.8773538400867595,81.36645962732919,NA,0.08873114463176575
BG,1127,10.292812777284826,2.9281277728482697,86.7790594498669,NA,2.9281277728482697
CH,1127,2.0408163265306123,0,97.95918367346938,NA,0
CZ,9016,22.17169476486247,20.68544809228039,57.14285714285714,NA,9.937888198757763
DE,16905,17.89411416740609,73.94262052647146,8.16326530612245,NA,19.077196095829635
FI,19159,0.7359465525340572,0.24009603841536614,99.02395740905058,NA,0
HR,1127,11.091393078970718,1.1535048802129548,87.75510204081633,NA,1.1535048802129548
HU,1127,4.081632653061225,0,95.91836734693877,NA,0
IT,1127,2.3957409050576755,1.6858917480035491,95.91836734693877,NA,1.6858917480035491
LT,1127,16.3265306122449,18.367346938775512,65.3061224489796,NA,18.367346938775512
PL,19159,14.275275327522314,8.794822276736781,76.9299023957409,NA,2.0408163265306123
RO,1127,8.16326530612245,3.904170363797693,87.93256433007986,NA,3.904170363797693
RS,1127,3.0168589174800355,0.7985803016858917,96.18456078083408,NA,0.7985803016858917
SE,1127,1.1535048802129548,0.8873114463176575,97.95918367346938,NA,0.8873114463176575
SI,1127,6.921029281277728,1.2422360248447204,91.83673469387756,NA,1.2422360248447204
SK,1127,8.78438331854481,0.8873114463176575,90.32830523513753,NA,0.8873114463176575
