country,species,n_regions,years_observed,pct_observed,pct_positive,pct_suspect_zero
AT,CambXyl_con&BB_con&BO,9,2002-2022,91.30434782608695,57.48792270531401,0
AT,CambXyl_con&BB_con&SM,9,NA,0,0,0
AT,CambXyl_con&BO,9,NA,0,0,0
AT,CambXyl_con&MD,9,NA,0,0,0
AT,Def_dec,9,NA,0,0,0
AT,Def_dec&DB,9,2002-2022,91.30434782608695,34.78260869565217,0
AT,agr_big,9,NA,0,0,0
AT,agr_vir,9,NA,0,0,0
AT,bup_pin,9,NA,0,0,0
AT,cep_spp,9,NA,0,0,0
AT,clo_ana,9,NA,0,0,0
AT,den_mic,9,NA,0,0,0
AT,den_pin,9,NA,0,0,0
AT,dip_sp,9,2002-2022,91.30434782608695,20.77294685990338,0
AT,era_def,9,NA,0,0,0
AT,geo_db,9,NA,0,0,0
AT,ips_acu,9,NA,0,0,0
AT,ips_ami,9,NA,0,0,0
AT,ips_cem,9,NA,0,0,0
AT,ips_dup,9,NA,0,0,0
AT,ips_sex,9,NA,0,0,0
AT,ips_typ,9,2002-2022,91.30434782608695,90.82125603864735,0
AT,lym_dis,9,2002-2022,91.30434782608695,22.705314009661837,4.3478260869565215
AT,lym_mon,9,NA,0,0,0
AT,mel_spp,9,NA,0,0,0
AT,neo_ser,9,NA,0,0,0
AT,ope_spp,9,NA,0,0,0
AT,pan_fla,9,NA,0,0,0
AT,pha_cya,9,2002-2022,91.30434782608695,36.71497584541063,0
AT,pis_pin,9,NA,0,0,0
AT,pit_bid,9,NA,0,0,0
AT,pit_cha,9,2002-2022,91.30434782608695,89.3719806763285,0
AT,pit_spp,9,2002-2022,91.30434782608695,64.73429951690821,0
AT,pol_pol,9,NA,0,0,0
AT,pri_abi,9,NA,0,0,0
AT,sap_car,9,NA,0,0,0
AT,sco_int,9,NA,0,0,0
AT,sco_rat,9,NA,0,0,0
AT,sco_sco,9,NA,0,0,0
AT,tet_gab,9,2002-2022,91.30434782608695,37.19806763285024,0
AT,tet_spp,9,NA,0,0,0
AT,tha_pit,9,NA,0,0,0
AT,tha_pro,9,NA,0,0,0
AT,tom_spp,9,2002-2022,91.30434782608695,72.46376811594203,0
AT,tor_vir,9,NA,0,0,0
AT,uro_sir_spp,9,NA,0,0,0
AT,xyl_lin,9,NA,0,0,0
AT,xyl_spp,9,NA,0,0,0
AT,zei_gri,9,NA,0,0,0
BG,CambXyl_con&BB_con&BO,1,NA,0,0,0
BG,CambXyl_con&BB_con&SM,1,NA,0,0,0
BG,CambXyl_con&BO,1,NA,0,0,0
BG,CambXyl_con&MD,1,NA,0,0,0
BG,Def_dec,1,NA,0,0,0
BG,Def_dec&DB,1,NA,0,0,0
BG,agr_big,1,NA,0,0,0
BG,agr_vir,1,NA,0,0,0
BG,bup_pin,1,NA,0,0,0
BG,cep_spp,1,NA,0,0,0
BG,clo_ana,1,NA,0,0,0
BG,den_mic,1,NA,0,0,0
BG,den_pin,1,NA,0,0,0
BG,dip_sp,1,NA,0,0,0
BG,era_def,1,NA,0,0,0
BG,geo_db,1,2005-2022,78.26086956521739,52.17391304347826,26.08695652173913
BG,ips_acu,1,2005-2022,78.26086956521739,78.26086956521739,0
BG,ips_ami,1,NA,0,0,0
BG,ips_cem,1,NA,0,0,0
BG,ips_dup,1,NA,0,0,0
BG,ips_sex,1,2005-2022,78.26086956521739,65.21739130434783,13.043478260869565
BG,ips_typ,1,2005-2022,78.26086956521739,78.26086956521739,0
BG,lym_dis,1,2005-2022,78.26086956521739,47.82608695652174,30.434782608695656
BG,lym_mon,1,NA,0,0,0
BG,mel_spp,1,NA,0,0,0
BG,neo_ser,1,2005-2022,78.26086956521739,69.56521739130434,8.695652173913043
BG,ope_spp,1,NA,0,0,0
BG,pan_fla,1,NA,0,0,0
BG,pha_cya,1,NA,0,0,0
BG,pis_pin,1,NA,0,0,0
BG,pit_bid,1,NA,0,0,0
BG,pit_cha,1,NA,0,0,0
BG,pit_spp,1,NA,0,0,0
BG,pol_pol,1,NA,0,0,0
BG,pri_abi,1,NA,0,0,0
BG,sap_car,1,NA,0,0,0
BG,sco_int,1,NA,0,0,0
BG,sco_rat,1,NA,0,0,0
BG,sco_sco,1,NA,0,0,0
BG,tet_gab,1,NA,0,0,0
BG,tet_spp,1,NA,0,0,0
BG,tha_pit,1,2005-2022,78.26086956521739,78.26086956521739,0
BG,tha_pro,1,NA,0,0,0
BG,tom_spp,1,NA,0,0,0
BG,tor_vir,1,2000-2022,100,34.78260869565217,65.21739130434783
BG,uro_sir_spp,1,NA,0,0,0
BG,xyl_lin,1,NA,0,0,0
BG,xyl_spp,1,NA,0,0,0
BG,zei_gri,1,NA,0,0,0
CH,CambXyl_con&BB_con&BO,1,NA,0,0,0
CH,CambXyl_con&BB_con&SM,1,NA,0,0,0
CH,CambXyl_con&BO,1,NA,0,0,0
CH,CambXyl_con&MD,1,NA,0,0,0
CH,Def_dec,1,NA,0,0,0
CH,Def_dec&DB,1,NA,0,0,0
CH,agr_big,1,NA,0,0,0
CH,agr_vir,1,NA,0,0,0
CH,bup_pin,1,NA,0,0,0
CH,cep_spp,1,NA,0,0,0
CH,clo_ana,1,NA,0,0,0
CH,den_mic,1,NA,0,0,0
CH,den_pin,1,NA,0,0,0
CH,dip_sp,1,NA,0,0,0
CH,era_def,1,NA,0,0,0
CH,geo_db,1,NA,0,0,0
CH,ips_acu,1,NA,0,0,0
CH,ips_ami,1,NA,0,0,0
CH,ips_cem,1,NA,0,0,0
CH,ips_dup,1,NA,0,0,0
CH,ips_sex,1,NA,0,0,0
CH,ips_typ,1,2000-2022,100,100,0
CH,lym_dis,1,NA,0,0,0
CH,lym_mon,1,NA,0,0,0
CH,mel_spp,1,NA,0,0,0
CH,neo_ser,1,NA,0,0,0
CH,ope_spp,1,NA,0,0,0
CH,pan_fla,1,NA,0,0,0
CH,pha_cya,1,NA,0,0,0
CH,pis_pin,1,NA,0,0,0
CH,pit_bid,1,NA,0,0,0
CH,pit_cha,1,NA,0,0,0
CH,pit_spp,1,NA,0,0,0
CH,pol_pol,1,NA,0,0,0
CH,pri_abi,1,NA,0,0,0
CH,sap_car,1,NA,0,0,0
CH,sco_int,1,NA,0,0,0
CH,sco_rat,1,NA,0,0,0
CH,sco_sco,1,NA,0,0,0
CH,tet_gab,1,NA,0,0,0
CH,tet_spp,1,NA,0,0,0
CH,tha_pit,1,NA,0,0,0
CH,tha_pro,1,NA,0,0,0
CH,tom_spp,1,NA,0,0,0
CH,tor_vir,1,NA,0,0,0
CH,uro_sir_spp,1,NA,0,0,0
CH,xyl_lin,1,NA,0,0,0
CH,xyl_spp,1,NA,0,0,0
CH,zei_gri,1,NA,0,0,0
CZ,CambXyl_con&BB_con&BO,8,NA,0,0,0
CZ,CambXyl_con&BB_con&SM,8,NA,0,0,0
CZ,CambXyl_con&BO,8,NA,0,0,0
CZ,CambXyl_con&MD,8,2000-2022,100,69.56521739130434,0
CZ,Def_dec,8,NA,0,0,0
CZ,Def_dec&DB,8,2000-2022,100,62.5,0
CZ,agr_big,8,NA,0,0,0
CZ,agr_vir,8,NA,0,0,0
CZ,bup_pin,8,NA,0,0,0
CZ,cep_spp,8,2000-2022,100,52.17391304347826,0
CZ,clo_ana,8,NA,0,0,0
CZ,den_mic,8,2000-2022,100,0.5434782608695652,95.65217391304348
CZ,den_pin,8,NA,0,0,0
CZ,dip_sp,8,NA,0,0,0
CZ,era_def,8,NA,0,0,0
CZ,geo_db,8,NA,0,0,0
CZ,ips_acu,8,2000-2022,100,79.8913043478261,0
CZ,ips_ami,8,NA,0,0,0
CZ,ips_cem,8,NA,0,0,0
CZ,ips_dup,8,2000-2022,100,84.23913043478261,0
CZ,ips_sex,8,2000-2022,100,77.17391304347827,0
CZ,ips_typ,8,2000-2022,100,100,0
CZ,lym_dis,8,2000-2022,100,6.521739130434782,78.26086956521739
CZ,lym_mon,8,2000-2022,100,47.28260869565217,0
CZ,mel_spp,8,NA,0,0,0
CZ,neo_ser,8,2000-2022,100,1.0869565217391304,91.30434782608695
CZ,ope_spp,8,NA,0,0,0
CZ,pan_fla,8,2000-2022,100,0.5434782608695652,95.65217391304348
CZ,pha_cya,8,2000-2022,100,75,0
CZ,pis_pin,8,NA,0,0,0
CZ,pit_bid,8,NA,0,0,0
CZ,pit_cha,8,NA,0,0,0
CZ,pit_spp,8,2000-2022,100,69.56521739130434,0
CZ,pol_pol,8,2000-2022,100,77.17391304347827,0
CZ,pri_abi,8,2000-2022,100,58.69565217391305,0
CZ,sap_car,8,NA,0,0,0
CZ,sco_int,8,2000-2022,100,49.45652173913043,8.695652173913043
CZ,sco_rat,8,2000-2022,100,44.02173913043478,8.695652173913043
CZ,sco_sco,8,NA,0,0,0
CZ,tet_gab,8,2000-2022,100,2.1739130434782608,91.30434782608695
CZ,tet_spp,8,NA,0,0,0
CZ,tha_pit,8,NA,0,0,0
CZ,tha_pro,8,NA,0,0,0
CZ,tom_spp,8,2000-2022,100,89.67391304347827,0
CZ,tor_vir,8,NA,0,0,0
CZ,uro_sir_spp,8,NA,0,0,0
CZ,xyl_lin,8,NA,0,0,0
CZ,xyl_spp,8,NA,0,0,0
CZ,zei_gri,8,2000-2022,100,39.130434782608695,17.391304347826086
DE,CambXyl_con&BB_con&BO,15,2000-2022,100,7.246376811594203,30.434782608695656
DE,CambXyl_con&BB_con&SM,15,2000-2022,100,5.217391304347826,56.52173913043478
DE,CambXyl_con&BO,15,2000-2022,100,3.1884057971014492,73.91304347826086
DE,CambXyl_con&MD,15,2000-2022,100,4.3478260869565215,34.78260869565217
DE,Def_dec,15,2000-2022,100,0.5797101449275363,91.30434782608695
DE,Def_dec&DB,15,2000-2022,100,18.84057971014493,0
DE,agr_big,15,2000-2022,100,42.31884057971014,0
DE,agr_vir,15,2000-2022,100,16.52173913043478,0
DE,bup_pin,15,2000-2022,100,15.942028985507244,13.043478260869565
DE,cep_spp,15,NA,0,0,0
DE,clo_ana,15,NA,0,0,0
DE,den_mic,15,2000-2022,100,0.2898550724637681,95.65217391304348
DE,den_pin,15,2000-2022,100,9.855072463768117,13.043478260869565
DE,dip_sp,15,2000-2022,100,16.52173913043478,0
DE,era_def,15,2000-2022,100,11.884057971014492,26.08695652173913
DE,geo_db,15,2000-2022,100,13.91304347826087,0
DE,ips_acu,15,2000-2022,100,16.81159420289855,0
DE,ips_ami,15,2000-2022,100,3.1884057971014492,52.17391304347826
DE,ips_cem,15,2000-2022,100,56.231884057971016,0
DE,ips_dup,15,NA,0,0,0
DE,ips_sex,15,2000-2022,100,23.18840579710145,4.3478260869565215
DE,ips_typ,15,2000-2022,100,58.84057971014492,0
DE,lym_dis,15,2000-2022,100,24.057971014492754,0
DE,lym_mon,15,2000-2022,100,15.942028985507244,17.391304347826086
DE,mel_spp,15,2000-2022,100,24.057971014492754,0
DE,neo_ser,15,2000-2022,100,3.4782608695652173,52.17391304347826
DE,ope_spp,15,2000-2022,100,13.623188405797102,8.695652173913043
DE,pan_fla,15,2000-2022,100,8.405797101449275,39.130434782608695
DE,pha_cya,15,2000-2022,100,52.7536231884058,0
DE,pis_pin,15,2000-2022,100,17.971014492753625,0
DE,pit_bid,15,2000-2022,100,18.55072463768116,0
DE,pit_cha,15,2000-2022,100,57.10144927536231,0
DE,pit_spp,15,2000-2022,100,17.391304347826086,4.3478260869565215
DE,pol_pol,15,NA,0,0,0
DE,pri_abi,15,2000-2022,100,14.492753623188406,4.3478260869565215
DE,sap_car,15,2000-2022,100,0.2898550724637681,95.65217391304348
DE,sco_int,15,2000-2022,100,18.55072463768116,4.3478260869565215
DE,sco_rat,15,2000-2022,100,10.72463768115942,4.3478260869565215
DE,sco_sco,15,2000-2022,100,7.82608695652174,26.08695652173913
DE,tet_gab,15,2000-2022,100,26.666666666666668,0
DE,tet_spp,15,2000-2022,100,22.608695652173914,0
DE,tha_pit,15,2000-2022,100,3.1884057971014492,52.17391304347826
DE,tha_pro,15,2000-2022,100,31.594202898550726,0
DE,tom_spp,15,2000-2022,100,48.98550724637681,0
DE,tor_vir,15,2000-2022,100,29.855072463768117,0
DE,uro_sir_spp,15,2000-2022,100,3.768115942028986,47.82608695652174
DE,xyl_lin,15,2000-2022,100,42.608695652173914,0
DE,xyl_spp,15,2000-2022,100,36.231884057971016,4.3478260869565215
DE,zei_gri,15,2000-2022,100,1.1594202898550725,82.6086956521739
FI,CambXyl_con&BB_con&BO,17,NA,0,0,0
FI,CambXyl_con&BB_con&SM,17,NA,0,0,0
FI,CambXyl_con&BO,17,NA,0,0,0
FI,CambXyl_con&MD,17,NA,0,0,0
FI,Def_dec,17,NA,0,0,0
FI,Def_dec&DB,17,NA,0,0,0
FI,agr_big,17,NA,0,0,0
FI,agr_vir,17,NA,0,0,0
FI,bup_pin,17,NA,0,0,0
FI,cep_spp,17,NA,0,0,0
FI,clo_ana,17,NA,0,0,0
FI,den_mic,17,NA,0,0,0
FI,den_pin,17,NA,0,0,0
FI,dip_sp,17,NA,0,0,0
FI,era_def,17,NA,0,0,0
FI,geo_db,17,NA,0,0,0
FI,ips_acu,17,NA,0,0,0
FI,ips_ami,17,NA,0,0,0
FI,ips_cem,17,NA,0,0,0
FI,ips_dup,17,NA,0,0,0
FI,ips_sex,17,NA,0,0,0
FI,ips_typ,17,2012-2022,47.82608695652174,36.0613810741688,0
FI,lym_dis,17,NA,0,0,0
FI,lym_mon,17,NA,0,0,0
FI,mel_spp,17,NA,0,0,0
FI,neo_ser,17,NA,0,0,0
FI,ope_spp,17,NA,0,0,0
FI,pan_fla,17,NA,0,0,0
FI,pha_cya,17,NA,0,0,0
FI,pis_pin,17,NA,0,0,0
FI,pit_bid,17,NA,0,0,0
FI,pit_cha,17,NA,0,0,0
FI,pit_spp,17,NA,0,0,0
FI,pol_pol,17,NA,0,0,0
FI,pri_abi,17,NA,0,0,0
FI,sap_car,17,NA,0,0,0
FI,sco_int,17,NA,0,0,0
FI,sco_rat,17,NA,0,0,0
FI,sco_sco,17,NA,0,0,0
FI,tet_gab,17,NA,0,0,0
FI,tet_spp,17,NA,0,0,0
FI,tha_pit,17,NA,0,0,0
FI,tha_pro,17,NA,0,0,0
FI,tom_spp,17,NA,0,0,0
FI,tor_vir,17,NA,0,0,0
FI,uro_sir_spp,17,NA,0,0,0
FI,xyl_lin,17,NA,0,0,0
FI,xyl_spp,17,NA,0,0,0
FI,zei_gri,17,NA,0,0,0
HR,CambXyl_con&BB_con&BO,1,2000-2022,100,82.6086956521739,17.391304347826086
HR,CambXyl_con&BB_con&SM,1,NA,0,0,0
HR,CambXyl_con&BO,1,NA,0,0,0
HR,CambXyl_con&MD,1,NA,0,0,0
HR,Def_dec,1,NA,0,0,0
HR,Def_dec&DB,1,NA,0,0,0
HR,agr_big,1,NA,0,0,0
HR,agr_vir,1,NA,0,0,0
HR,bup_pin,1,NA,0,0,0
HR,cep_spp,1,NA,0,0,0
HR,clo_ana,1,NA,0,0,0
HR,den_mic,1,NA,0,0,0
HR,den_pin,1,NA,0,0,0
HR,dip_sp,1,NA,0,0,0
HR,era_def,1,NA,0,0,0
HR,geo_db,1,2000-2022,100,91.30434782608695,8.695652173913043
HR,ips_acu,1,NA,0,0,0
HR,ips_ami,1,NA,0,0,0
HR,ips_cem,1,NA,0,0,0
HR,ips_dup,1,NA,0,0,0
HR,ips_sex,1,NA,0,0,0
HR,ips_typ,1,2000-2022,100,100,0
HR,lym_dis,1,2000-2022,100,69.56521739130434,30.434782608695656
HR,lym_mon,1,NA,0,0,0
HR,mel_spp,1,NA,0,0,0
HR,neo_ser,1,NA,0,0,0
HR,ope_spp,1,NA,0,0,0
HR,pan_fla,1,NA,0,0,0
HR,pha_cya,1,NA,0,0,0
HR,pis_pin,1,NA,0,0,0
HR,pit_bid,1,NA,0,0,0
HR,pit_cha,1,NA,0,0,0
HR,pit_spp,1,2000-2022,100,100,0
HR,pol_pol,1,NA,0,0,0
HR,pri_abi,1,NA,0,0,0
HR,sap_car,1,NA,0,0,0
HR,sco_int,1,NA,0,0,0
HR,sco_rat,1,NA,0,0,0
HR,sco_sco,1,NA,0,0,0
HR,tet_gab,1,NA,0,0,0
HR,tet_spp,1,NA,0,0,0
HR,tha_pit,1,2000-2022,100,100,0
HR,tha_pro,1,NA,0,0,0
HR,tom_spp,1,NA,0,0,0
HR,tor_vir,1,NA,0,0,0
HR,uro_sir_spp,1,NA,0,0,0
HR,xyl_lin,1,NA,0,0,0
HR,xyl_spp,1,NA,0,0,0
HR,zei_gri,1,NA,0,0,0
HU,CambXyl_con&BB_con&BO,1,NA,0,0,0
HU,CambXyl_con&BB_con&SM,1,NA,0,0,0
HU,CambXyl_con&BO,1,NA,0,0,0
HU,CambXyl_con&MD,1,NA,0,0,0
HU,Def_dec,1,NA,0,0,0
HU,Def_dec&DB,1,NA,0,0,0
HU,agr_big,1,NA,0,0,0
HU,agr_vir,1,NA,0,0,0
HU,bup_pin,1,NA,0,0,0
HU,cep_spp,1,NA,0,0,0
HU,clo_ana,1,NA,0,0,0
HU,den_mic,1,NA,0,0,0
HU,den_pin,1,NA,0,0,0
HU,dip_sp,1,NA,0,0,0
HU,era_def,1,NA,0,0,0
HU,geo_db,1,NA,0,0,0
HU,ips_acu,1,NA,0,0,0
HU,ips_ami,1,NA,0,0,0
HU,ips_cem,1,NA,0,0,0
HU,ips_dup,1,NA,0,0,0
HU,ips_sex,1,NA,0,0,0
HU,ips_typ,1,2000-2022,100,100,0
HU,lym_dis,1,2000-2022,100,100,0
HU,lym_mon,1,NA,0,0,0
HU,mel_spp,1,NA,0,0,0
HU,neo_ser,1,NA,0,0,0
HU,ope_spp,1,NA,0,0,0
HU,pan_fla,1,NA,0,0,0
HU,pha_cya,1,NA,0,0,0
HU,pis_pin,1,NA,0,0,0
HU,pit_bid,1,NA,0,0,0
HU,pit_cha,1,NA,0,0,0
HU,pit_spp,1,NA,0,0,0
HU,pol_pol,1,NA,0,0,0
HU,pri_abi,1,NA,0,0,0
HU,sap_car,1,NA,0,0,0
HU,sco_int,1,NA,0,0,0
HU,sco_rat,1,NA,0,0,0
HU,sco_sco,1,NA,0,0,0
HU,tet_gab,1,NA,0,0,0
HU,tet_spp,1,NA,0,0,0
HU,tha_pit,1,NA,0,0,0
HU,tha_pro,1,NA,0,0,0
HU,tom_spp,1,NA,0,0,0
HU,tor_vir,1,NA,0,0,0
HU,uro_sir_spp,1,NA,0,0,0
HU,xyl_lin,1,NA,0,0,0
HU,xyl_spp,1,NA,0,0,0
HU,zei_gri,1,NA,0,0,0
IT,CambXyl_con&BB_con&BO,1,NA,0,0,0
IT,CambXyl_con&BB_con&SM,1,NA,0,0,0
IT,CambXyl_con&BO,1,NA,0,0,0
IT,CambXyl_con&MD,1,NA,0,0,0
IT,Def_dec,1,NA,0,0,0
IT,Def_dec&DB,1,NA,0,0,0
IT,agr_big,1,NA,0,0,0
IT,agr_vir,1,NA,0,0,0
IT,bup_pin,1,NA,0,0,0
IT,cep_spp,1,NA,0,0,0
IT,clo_ana,1,NA,0,0,0
IT,den_mic,1,NA,0,0,0
IT,den_pin,1,NA,0,0,0
IT,dip_sp,1,NA,0,0,0
IT,era_def,1,NA,0,0,0
IT,geo_db,1,NA,0,0,0
IT,ips_acu,1,NA,0,0,0
IT,ips_ami,1,NA,0,0,0
IT,ips_cem,1,NA,0,0,0
IT,ips_dup,1,NA,0,0,0
IT,ips_sex,1,NA,0,0,0
IT,ips_typ,1,2000-2022,100,100,0
IT,lym_dis,1,NA,0,0,0
IT,lym_mon,1,NA,0,0,0
IT,mel_spp,1,NA,0,0,0
IT,neo_ser,1,NA,0,0,0
IT,ope_spp,1,NA,0,0,0
IT,pan_fla,1,NA,0,0,0
IT,pha_cya,1,NA,0,0,0
IT,pis_pin,1,NA,0,0,0
IT,pit_bid,1,NA,0,0,0
IT,pit_cha,1,2000-2022,100,17.391304347826086,82.6086956521739
IT,pit_spp,1,NA,0,0,0
IT,pol_pol,1,NA,0,0,0
IT,pri_abi,1,NA,0,0,0
IT,sap_car,1,NA,0,0,0
IT,sco_int,1,NA,0,0,0
IT,sco_rat,1,NA,0,0,0
IT,sco_sco,1,NA,0,0,0
IT,tet_gab,1,NA,0,0,0
IT,tet_spp,1,NA,0,0,0
IT,tha_pit,1,NA,0,0,0
IT,tha_pro,1,NA,0,0,0
IT,tom_spp,1,NA,0,0,0
IT,tor_vir,1,NA,0,0,0
IT,uro_sir_spp,1,NA,0,0,0
IT,xyl_lin,1,NA,0,0,0
IT,xyl_spp,1,NA,0,0,0
IT,zei_gri,1,NA,0,0,0
LT,CambXyl_con&BB_con&BO,1,NA,0,0,0
LT,CambXyl_con&BB_con&SM,1,NA,0,0,0
LT,CambXyl_con&BO,1,NA,0,0,0
LT,CambXyl_con&MD,1,NA,0,0,0
LT,Def_dec,1,NA,0,0,0
LT,Def_dec&DB,1,NA,0,0,0
LT,agr_big,1,NA,0,0,0
LT,agr_vir,1,NA,0,0,0
LT,bup_pin,1,NA,0,0,0
LT,cep_spp,1,NA,0,0,0
LT,clo_ana,1,NA,0,0,0
LT,den_mic,1,2000-2022,100,21.73913043478261,78.26086956521739
LT,den_pin,1,2000-2022,100,21.73913043478261,78.26086956521739
LT,dip_sp,1,2000-2022,100,13.043478260869565,86.95652173913044
LT,era_def,1,NA,0,0,0
LT,geo_db,1,2000-2022,100,26.08695652173913,73.91304347826086
LT,ips_acu,1,2000-2022,100,91.30434782608695,8.695652173913043
LT,ips_ami,1,NA,0,0,0
LT,ips_cem,1,NA,0,0,0
LT,ips_dup,1,NA,0,0,0
LT,ips_sex,1,NA,0,0,0
LT,ips_typ,1,2000-2022,100,100,0
LT,lym_dis,1,2000-2022,100,34.78260869565217,65.21739130434783
LT,lym_mon,1,2000-2022,100,30.434782608695656,69.56521739130434
LT,mel_spp,1,NA,0,0,0
LT,neo_ser,1,NA,0,0,0
LT,ope_spp,1,NA,0,0,0
LT,pan_fla,1,2000-2022,100,13.043478260869565,86.95652173913044
LT,pha_cya,1,2000-2022,100,17.391304347826086,82.6086956521739
LT,pis_pin,1,2000-2022,100,86.95652173913044,13.043478260869565
LT,pit_bid,1,NA,0,0,0
LT,pit_cha,1,2000-2022,100,82.6086956521739,17.391304347826086
LT,pit_spp,1,NA,0,0,0
LT,pol_pol,1,2000-2022,100,82.6086956521739,17.391304347826086
LT,pri_abi,1,NA,0,0,0
LT,sap_car,1,NA,0,0,0
LT,sco_int,1,NA,0,0,0
LT,sco_rat,1,2000-2022,100,30.434782608695656,69.56521739130434
LT,sco_sco,1,2000-2022,100,4.3478260869565215,95.65217391304348
LT,tet_gab,1,NA,0,0,0
LT,tet_spp,1,NA,0,0,0
LT,tha_pit,1,NA,0,0,0
LT,tha_pro,1,NA,0,0,0
LT,tom_spp,1,2000-2022,100,78.26086956521739,21.73913043478261
LT,tor_vir,1,2000-2022,100,65.21739130434783,34.78260869565217
LT,uro_sir_spp,1,NA,0,0,0
LT,xyl_lin,1,NA,0,0,0
LT,xyl_spp,1,NA,0,0,0
LT,zei_gri,1,NA,0,0,0
PL,CambXyl_con&BB_con&BO,17,NA,0,0,0
PL,CambXyl_con&BB_con&SM,17,NA,0,0,0
PL,CambXyl_con&BO,17,NA,0,0,0
PL,CambXyl_con&MD,17,NA,0,0,0
PL,Def_dec,17,NA,0,0,0
PL,Def_dec&DB,17,NA,0,0,0
PL,agr_big,17,2003-2022,86.95652173913044,86.95652173913044,0
PL,agr_vir,17,NA,0,0,0
PL,bup_pin,17,2003-2022,86.95652173913044,26.598465473145783,34.78260869565217
PL,cep_spp,17,NA,0,0,0
PL,clo_ana,17,NA,0,0,0
PL,den_mic,17,NA,0,0,0
PL,den_pin,17,2003-2022,86.95652173913044,35.294117647058826,0
PL,dip_sp,17,2003-2022,86.95652173913044,52.94117647058824,0
PL,era_def,17,NA,0,0,0
PL,geo_db,17,2003-2022,86.95652173913044,52.42966751918159,0
PL,ips_acu,17,2003-2022,86.95652173913044,21.994884910485936,52.17391304347826
PL,ips_ami,17,NA,0,0,0
PL,ips_cem,17,NA,0,0,0
PL,ips_dup,17,NA,0,0,0
PL,ips_sex,17,NA,0,0,0
PL,ips_typ,17,2003-2022,86.95652173913044,86.95652173913044,0
PL,lym_dis,17,NA,0,0,0
PL,lym_mon,17,2003-2022,86.95652173913044,62.40409207161125,0
PL,mel_spp,17,2003-2022,86.95652173913044,76.72634271099744,0
PL,neo_ser,17,NA,0,0,0
PL,ope_spp,17,NA,0,0,0
PL,pan_fla,17,2003-2022,86.95652173913044,38.36317135549872,4.3478260869565215
PL,pha_cya,17,2003-2022,86.95652173913044,74.68030690537084,0
PL,pis_pin,17,NA,0,0,0
PL,pit_bid,17,NA,0,0,0
PL,pit_cha,17,NA,0,0,0
PL,pit_spp,17,NA,0,0,0
PL,pol_pol,17,NA,0,0,0
PL,pri_abi,17,NA,0,0,0
PL,sap_car,17,NA,0,0,0
PL,sco_int,17,NA,0,0,0
PL,sco_rat,17,NA,0,0,0
PL,sco_sco,17,NA,0,0,0
PL,tet_gab,17,NA,0,0,0
PL,tet_spp,17,NA,0,0,0
PL,tha_pit,17,NA,0,0,0
PL,tha_pro,17,NA,0,0,0
PL,tom_spp,17,2003-2022,86.95652173913044,35.54987212276215,0
PL,tor_vir,17,2003-2022,86.95652173913044,48.59335038363171,8.695652173913043
PL,uro_sir_spp,17,NA,0,0,0
PL,xyl_lin,17,NA,0,0,0
PL,xyl_spp,17,NA,0,0,0
PL,zei_gri,17,NA,0,0,0
RO,CambXyl_con&BB_con&BO,1,NA,0,0,0
RO,CambXyl_con&BB_con&SM,1,NA,0,0,0
RO,CambXyl_con&BO,1,NA,0,0,0
RO,CambXyl_con&MD,1,NA,0,0,0
RO,Def_dec,1,NA,0,0,0
RO,Def_dec&DB,1,NA,0,0,0
RO,agr_big,1,NA,0,0,0
RO,agr_vir,1,NA,0,0,0
RO,bup_pin,1,NA,0,0,0
RO,cep_spp,1,NA,0,0,0
RO,clo_ana,1,2000-2022,100,17.391304347826086,82.6086956521739
RO,den_mic,1,NA,0,0,0
RO,den_pin,1,NA,0,0,0
RO,dip_sp,1,NA,0,0,0
RO,era_def,1,NA,0,0,0
RO,geo_db,1,2000-2022,100,73.91304347826086,26.08695652173913
RO,ips_acu,1,NA,0,0,0
RO,ips_ami,1,NA,0,0,0
RO,ips_cem,1,NA,0,0,0
RO,ips_dup,1,2000-2021,95.65217391304348,30.434782608695656,65.21739130434783
RO,ips_sex,1,NA,0,0,0
RO,ips_typ,1,2000-2021,95.65217391304348,95.65217391304348,0
RO,lym_dis,1,2000-2022,100,91.30434782608695,8.695652173913043
RO,lym_mon,1,NA,0,0,0
RO,mel_spp,1,NA,0,0,0
RO,neo_ser,1,NA,0,0,0
RO,ope_spp,1,NA,0,0,0
RO,pan_fla,1,NA,0,0,0
RO,pha_cya,1,NA,0,0,0
RO,pis_pin,1,NA,0,0,0
RO,pit_bid,1,NA,0,0,0
RO,pit_cha,1,NA,0,0,0
RO,pit_spp,1,NA,0,0,0
RO,pol_pol,1,NA,0,0,0
RO,pri_abi,1,NA,0,0,0
RO,sap_car,1,NA,0,0,0
RO,sco_int,1,NA,0,0,0
RO,sco_rat,1,NA,0,0,0
RO,sco_sco,1,NA,0,0,0
RO,tet_gab,1,NA,0,0,0
RO,tet_spp,1,NA,0,0,0
RO,tha_pit,1,NA,0,0,0
RO,tha_pro,1,NA,0,0,0
RO,tom_spp,1,NA,0,0,0
RO,tor_vir,1,2000-2022,100,91.30434782608695,8.695652173913043
RO,uro_sir_spp,1,NA,0,0,0
RO,xyl_lin,1,NA,0,0,0
RO,xyl_spp,1,NA,0,0,0
RO,zei_gri,1,NA,0,0,0
RS,CambXyl_con&BB_con&BO,1,NA,0,0,0
RS,CambXyl_con&BB_con&SM,1,NA,0,0,0
RS,CambXyl_con&BO,1,NA,0,0,0
RS,CambXyl_con&MD,1,NA,0,0,0
RS,Def_dec,1,NA,0,0,0
RS,Def_dec&DB,1,NA,0,0,0
RS,agr_big,1,NA,0,0,0
RS,agr_vir,1,NA,0,0,0
RS,bup_pin,1,NA,0,0,0
RS,cep_spp,1,NA,0,0,0
RS,clo_ana,1,NA,0,0,0
RS,den_mic,1,NA,0,0,0
RS,den_pin,1,NA,0,0,0
RS,dip_sp,1,NA,0,0,0
RS,era_def,1,NA,0,0,0
RS,geo_db,1,NA,0,0,0
RS,ips_acu,1,NA,0,0,0
RS,ips_ami,1,NA,0,0,0
RS,ips_cem,1,NA,0,0,0
RS,ips_dup,1,NA,0,0,0
RS,ips_sex,1,NA,0,0,0
RS,ips_typ,1,2003-2022,86.95652173913044,86.95652173913044,0
RS,lym_dis,1,2000-2022,100,60.86956521739131,39.130434782608695
RS,lym_mon,1,NA,0,0,0
RS,mel_spp,1,NA,0,0,0
RS,neo_ser,1,NA,0,0,0
RS,ope_spp,1,NA,0,0,0
RS,pan_fla,1,NA,0,0,0
RS,pha_cya,1,NA,0,0,0
RS,pis_pin,1,NA,0,0,0
RS,pit_bid,1,NA,0,0,0
RS,pit_cha,1,NA,0,0,0
RS,pit_spp,1,NA,0,0,0
RS,pol_pol,1,NA,0,0,0
RS,pri_abi,1,NA,0,0,0
RS,sap_car,1,NA,0,0,0
RS,sco_int,1,NA,0,0,0
RS,sco_rat,1,NA,0,0,0
RS,sco_sco,1,NA,0,0,0
RS,tet_gab,1,NA,0,0,0
RS,tet_spp,1,NA,0,0,0
RS,tha_pit,1,NA,0,0,0
RS,tha_pro,1,NA,0,0,0
RS,tom_spp,1,NA,0,0,0
RS,tor_vir,1,NA,0,0,0
RS,uro_sir_spp,1,NA,0,0,0
RS,xyl_lin,1,NA,0,0,0
RS,xyl_spp,1,NA,0,0,0
RS,zei_gri,1,NA,0,0,0
SE,CambXyl_con&BB_con&BO,1,NA,0,0,0
SE,CambXyl_con&BB_con&SM,1,NA,0,0,0
SE,CambXyl_con&BO,1,NA,0,0,0
SE,CambXyl_con&MD,1,NA,0,0,0
SE,Def_dec,1,NA,0,0,0
SE,Def_dec&DB,1,NA,0,0,0
SE,agr_big,1,NA,0,0,0
SE,agr_vir,1,NA,0,0,0
SE,bup_pin,1,NA,0,0,0
SE,cep_spp,1,NA,0,0,0
SE,clo_ana,1,NA,0,0,0
SE,den_mic,1,NA,0,0,0
SE,den_pin,1,NA,0,0,0
SE,dip_sp,1,NA,0,0,0
SE,era_def,1,NA,0,0,0
SE,geo_db,1,NA,0,0,0
SE,ips_acu,1,NA,0,0,0
SE,ips_ami,1,NA,0,0,0
SE,ips_cem,1,NA,0,0,0
SE,ips_dup,1,NA,0,0,0
SE,ips_sex,1,NA,0,0,0
SE,ips_typ,1,2000-2022,100,56.52173913043478,43.47826086956522
SE,lym_dis,1,NA,0,0,0
SE,lym_mon,1,NA,0,0,0
SE,mel_spp,1,NA,0,0,0
SE,neo_ser,1,NA,0,0,0
SE,ope_spp,1,NA,0,0,0
SE,pan_fla,1,NA,0,0,0
SE,pha_cya,1,NA,0,0,0
SE,pis_pin,1,NA,0,0,0
SE,pit_bid,1,NA,0,0,0
SE,pit_cha,1,NA,0,0,0
SE,pit_spp,1,NA,0,0,0
SE,pol_pol,1,NA,0,0,0
SE,pri_abi,1,NA,0,0,0
SE,sap_car,1,NA,0,0,0
SE,sco_int,1,NA,0,0,0
SE,sco_rat,1,NA,0,0,0
SE,sco_sco,1,NA,0,0,0
SE,tet_gab,1,NA,0,0,0
SE,tet_spp,1,NA,0,0,0
SE,tha_pit,1,NA,0,0,0
SE,tha_pro,1,NA,0,0,0
SE,tom_spp,1,NA,0,0,0
SE,tor_vir,1,NA,0,0,0
SE,uro_sir_spp,1,NA,0,0,0
SE,xyl_lin,1,NA,0,0,0
SE,xyl_spp,1,NA,0,0,0
SE,zei_gri,1,NA,0,0,0
SI,CambXyl_con&BB_con&BO,1,NA,0,0,0
SI,CambXyl_con&BB_con&SM,1,NA,0,0,0
SI,CambXyl_con&BO,1,2000-2022,100,100,0
SI,CambXyl_con&MD,1,NA,0,0,0
SI,Def_dec,1,NA,0,0,0
SI,Def_dec&DB,1,NA,0,0,0
SI,agr_big,1,NA,0,0,0
SI,agr_vir,1,NA,0,0,0
SI,bup_pin,1,NA,0,0,0
SI,cep_spp,1,NA,0,0,0
SI,clo_ana,1,NA,0,0,0
SI,den_mic,1,NA,0,0,0
SI,den_pin,1,NA,0,0,0
SI,dip_sp,1,NA,0,0,0
SI,era_def,1,NA,0,0,0
SI,geo_db,1,NA,0,0,0
SI,ips_acu,1,NA,0,0,0
SI,ips_ami,1,NA,0,0,0
SI,ips_cem,1,NA,0,0,0
SI,ips_dup,1,NA,0,0,0
SI,ips_sex,1,NA,0,0,0
SI,ips_typ,1,2000-2022,100,100,0
SI,lym_dis,1,NA,0,0,0
SI,lym_mon,1,NA,0,0,0
SI,mel_spp,1,NA,0,0,0
SI,neo_ser,1,NA,0,0,0
SI,ope_spp,1,NA,0,0,0
SI,pan_fla,1,NA,0,0,0
SI,pha_cya,1,NA,0,0,0
SI,pis_pin,1,NA,0,0,0
SI,pit_bid,1,NA,0,0,0
SI,pit_cha,1,2000-2022,100,39.130434782608695,60.86956521739131
SI,pit_spp,1,2000-2022,100,100,0
SI,pol_pol,1,NA,0,0,0
SI,pri_abi,1,NA,0,0,0
SI,sap_car,1,NA,0,0,0
SI,sco_int,1,NA,0,0,0
SI,sco_rat,1,NA,0,0,0
SI,sco_sco,1,NA,0,0,0
SI,tet_gab,1,NA,0,0,0
SI,tet_spp,1,NA,0,0,0
SI,tha_pit,1,NA,0,0,0
SI,tha_pro,1,NA,0,0,0
SI,tom_spp,1,NA,0,0,0
SI,tor_vir,1,NA,0,0,0
SI,uro_sir_spp,1,NA,0,0,0
SI,xyl_lin,1,NA,0,0,0
SI,xyl_spp,1,NA,0,0,0
SI,zei_gri,1,NA,0,0,0
SK,CambXyl_con&BB_con&BO,1,NA,0,0,0
SK,CambXyl_con&BB_con&SM,1,NA,0,0,0
SK,CambXyl_con&BO,1,NA,0,0,0
SK,CambXyl_con&MD,1,NA,0,0,0
SK,Def_dec,1,NA,0,0,0
SK,Def_dec&DB,1,NA,0,0,0
SK,agr_big,1,NA,0,0,0
SK,agr_vir,1,NA,0,0,0
SK,bup_pin,1,NA,0,0,0
SK,cep_spp,1,NA,0,0,0
SK,clo_ana,1,NA,0,0,0
SK,den_mic,1,NA,0,0,0
SK,den_pin,1,NA,0,0,0
SK,dip_sp,1,NA,0,0,0
SK,era_def,1,NA,0,0,0
SK,geo_db,1,NA,0,0,0
SK,ips_acu,1,2000-2021,95.65217391304348,95.65217391304348,0
SK,ips_ami,1,NA,0,0,0
SK,ips_cem,1,NA,0,0,0
SK,ips_dup,1,2000-2021,91.30434782608695,91.30434782608695,0
SK,ips_sex,1,NA,0,0,0
SK,ips_typ,1,2000-2021,95.65217391304348,95.65217391304348,0
SK,lym_dis,1,2000-2021,95.65217391304348,52.17391304347826,43.47826086956522
SK,lym_mon,1,NA,0,0,0
SK,mel_spp,1,NA,0,0,0
SK,neo_ser,1,NA,0,0,0
SK,ope_spp,1,NA,0,0,0
SK,pan_fla,1,NA,0,0,0
SK,pha_cya,1,NA,0,0,0
SK,pis_pin,1,NA,0,0,0
SK,pit_bid,1,NA,0,0,0
SK,pit_cha,1,2000-2021,95.65217391304348,95.65217391304348,0
SK,pit_spp,1,NA,0,0,0
SK,pol_pol,1,NA,0,0,0
SK,pri_abi,1,NA,0,0,0
SK,sap_car,1,NA,0,0,0
SK,sco_int,1,NA,0,0,0
SK,sco_rat,1,NA,0,0,0
SK,sco_sco,1,NA,0,0,0
SK,tet_gab,1,NA,0,0,0
SK,tet_spp,1,NA,0,0,0
SK,tha_pit,1,NA,0,0,0
SK,tha_pro,1,NA,0,0,0
SK,tom_spp,1,NA,0,0,0
SK,tor_vir,1,NA,0,0,0
SK,uro_sir_spp,1,NA,0,0,0
SK,xyl_lin,1,NA,0,0,0
SK,xyl_spp,1,NA,0,0,0
SK,zei_gri,1,NA,0,0,0
