species,n_cells,pct_observed_positive,pct_observed_zero,pct_not_monitored,pct_impossible
CambXyl_con&BB_con&BO,1771,9.203839638622249,22.24731789949181,68.54884246188594,NA
CambXyl_con&BB_con&SM,1771,1.0163749294184077,18.46414455110107,80.51948051948052,NA
CambXyl_con&BO,1771,1.9198193111236588,18.85940146809712,79.22077922077922,NA
CambXyl_con&MD,1771,8.074534161490684,21.795595708639187,70.12987012987013,NA
Def_dec,1771,0.1129305477131564,19.367588932806324,80.51948051948052,NA
Def_dec&DB,1771,14.229249011857709,26.312817617165447,59.457933370976846,NA
agr_big,1771,27.442123094297006,11.236589497459063,61.32128740824393,NA
agr_vir,1771,3.2185206098249575,16.261998870694523,80.51948051948052,NA
bup_pin,1771,8.977978543195935,29.700734048560136,61.32128740824393,NA
cep_spp,1771,5.420666290231508,4.968944099378882,89.6103896103896,NA
clo_ana,1771,0.2258610954263128,1.0728402032749857,98.7012987012987,NA
den_mic,1771,0.3952569169960474,30.77357425183512,68.83116883116884,NA
den_pin,1771,9.994353472614343,29.983060417843028,60.02258610954263,NA
dip_sp,1771,17.504234895539245,33.1451157538114,49.35064935064935,NA
era_def,1771,2.3150762281197066,17.165443252399772,80.51948051948052,NA
geo_db,1771,17.447769621682667,26.143421795595707,56.408808582721626,NA
ips_acu,1771,19.875776397515526,32.74985883681536,47.374364765669114,NA
ips_ami,1771,0.6211180124223602,18.85940146809712,80.51948051948052,NA
ips_cem,1771,10.954263128176171,8.526256352343308,80.51948051948052,NA
ips_dup,1771,10.333145115753812,2.484472049689441,87.18238283455675,NA
ips_sex,1771,13.382269904009034,17.504234895539245,69.11349520045172,NA
ips_typ,1771,72.78373800112931,11.236589497459063,15.979672501411631,NA
lym_dis,1771,13.946922642574815,35.347261434217955,50.70581592320723,NA
lym_mon,1771,22.190852625635234,28.176171654432526,49.63297571993224,NA
mel_spp,1771,21.626199887069454,17.052512704686617,61.32128740824393,NA
neo_ser,1771,1.693958215697346,29.19254658385093,69.11349520045172,NA
ope_spp,1771,2.6538678712591754,16.826651609260303,80.51948051948052,NA
pan_fla,1771,10.333145115753812,40.033879164313944,49.63297571993224,NA
pha_cya,1771,39.073969508752114,21.96499153020892,38.961038961038966,NA
pis_pin,1771,4.630152456239413,16.149068322981368,79.22077922077922,NA
pit_bid,1771,3.613777526821005,15.866741953698476,80.51948051948052,NA
pit_cha,1771,24.618859401468097,10.67193675889328,64.70920383963862,NA
pit_spp,1771,20.77922077922078,22.36024844720497,56.86053077357425,NA
pol_pol,1771,9.090909090909092,2.5974025974025974,88.31168831168831,NA
pri_abi,1771,8.921513269339357,20.948616600790515,70.12987012987013,NA
sap_car,1771,0.0564652738565782,19.424054206662902,80.51948051948052,NA
sco_int,1771,8.752117447769622,21.11801242236025,70.12987012987013,NA
sco_rat,1771,7.058159232072275,24.110671936758894,68.83116883116884,NA
sco_sco,1771,1.5810276679841897,19.198193111236588,79.22077922077922,NA
tet_gab,1771,9.768492377188029,30.77357425183512,59.457933370976846,NA
tet_spp,1771,4.4042913608131,15.07622811970638,80.51948051948052,NA
tha_pit,1771,2.9361942405420667,18.85940146809712,78.20440429136082,NA
tha_pro,1771,6.154714850367024,13.325804630152458,80.51948051948052,NA
tom_spp,1771,36.19424054206663,24.84472049689441,38.961038961038966,NA
tor_vir,1771,19.028797289666855,23.54601919819311,57.42518351214003,NA
uro_sir_spp,1771,0.7340485601355167,18.746470920383963,80.51948051948052,NA
xyl_lin,1771,8.300395256916996,11.180124223602485,80.51948051948052,NA
xyl_spp,1771,7.058159232072275,12.422360248447205,80.51948051948052,NA
zei_gri,1771,4.291360813099943,25.578769057029927,70.12987012987013,NA
