target,target_guild,helper_rank,helper,grade,r,r_anomaly,transferability,countries,n_regions,n_both_positive,gap_coverage,gap_countries_reached,target_gap_region_years
CambXyl_con&BB_con&BO,borer,1,pha_cya,B,0.254875449815488,0.2597296691687319,consistent,"AT,DE",7,89,45.05766062602965,"CZ,LT,PL",1214
CambXyl_con&BB_con&BO,borer,2,sco_int,B,0.3654961652028063,0.36996686162351783,insufficient data,DE,2,10,15.156507413509061,CZ,1214
CambXyl_con&BB_con&SM,borer,1,ips_typ,B,-0.6208701363135091,-0.16810583364441287,insufficient data,DE,2,14,80.15427769985975,"AT,BG,CH,CZ,FI,HR,HU,IT,LT,PL,RO,RS,SE,SI,SK",1426
CambXyl_con&BB_con&SM,borer,2,Def_dec&DB,B,0.44845796712858993,0.02356412453605991,insufficient data,DE,2,14,26.157082748948106,"AT,CZ",1426
CambXyl_con&BB_con&SM,borer,3,tet_gab,B,-0.41562211067990973,-0.19512324827883834,insufficient data,DE,2,13,26.157082748948106,"AT,CZ",1426
CambXyl_con&BO,borer,1,ips_typ,B,0.2286160914443669,-0.0014940233536821234,consistent,"DE,SI",2,29,79.82893799002139,"AT,BG,CH,CZ,FI,HR,HU,IT,LT,PL,RO,RS,SE,SK",1403
CambXyl_con&BO,borer,2,pit_cha,B,0.265099198501406,-0.06330759457994724,consistent,"DE,SI",2,15,18.317890235210264,"AT,IT,LT,SK",1403
CambXyl_con&MD,borer,1,ips_acu,B,0.42506076170881035,0.18333753262490912,insufficient data,CZ,7,117,32.447665056360705,"BG,LT,PL,SK",1242
CambXyl_con&MD,borer,2,ips_dup,B,0.305736590210265,-0.07656999466624699,insufficient data,CZ,7,118,3.4621578099838968,"RO,SK",1242
CambXyl_con&MD,borer,3,sco_rat,B,0.3245102393200373,0.16431122351170105,insufficient data,CZ,7,65,1.8518518518518519,LT,1242
Def_dec,defoliator,NA,NA,C,NA,NA,NA,NA,NA,NA,NA,NA,1426
Def_dec&DB,defoliator,1,lym_dis,A,0.43055857682783805,0.34608290458701585,consistent,"AT,DE",7,59,14.719848053181387,"BG,HR,HU,LT,RO,RS,SK",1053
Def_dec&DB,defoliator,2,pis_pin,B,0.3640943062452599,0.23729964790429217,insufficient data,DE,2,10,2.184235517568851,LT,1053
agr_big,borer,1,pha_cya,A,0.42482157234643414,0.3468036246161651,consistent,"DE,PL",24,412,36.46408839779006,"AT,CZ,LT",1086
agr_big,borer,2,ips_typ,B,0.20185884303939472,0.24676454045208504,consistent,"DE,PL",26,472,73.94106813996316,"AT,BG,CH,CZ,FI,HR,HU,IT,LT,RO,RS,SE,SI,SK",1086
agr_big,borer,3,sco_rat,B,0.7355636214604481,0.49904050056596394,insufficient data,DE,2,30,19.060773480662984,"CZ,LT",1086
agr_vir,borer,1,pha_cya,B,0.4647870869242111,0.4483458365975136,insufficient data,DE,4,45,51.61290322580645,"AT,CZ,LT,PL",1426
agr_vir,borer,2,lym_dis,B,0.547143400245559,0.35098257003695965,insufficient data,DE,4,39,37.02664796633941,"AT,BG,CZ,HR,HU,LT,RO,RS,SK",1426
agr_vir,borer,3,agr_big,B,0.3483049466042556,0.3611108256735876,insufficient data,DE,4,46,23.842917251051894,PL,1426
bup_pin,defoliator,1,pha_cya,B,0.27863521742370784,0.1377544476837907,consistent,"DE,PL",19,147,36.46408839779006,"AT,CZ,LT",1086
bup_pin,defoliator,2,ips_acu,B,-0.3187007198975668,0.11225888653938045,consistent,"DE,PL",8,24,22.74401473296501,"BG,CZ,LT,SK",1086
bup_pin,defoliator,3,dip_sp,B,0.3895486810286471,0.17648017048219292,consistent,"DE,PL",16,112,19.521178637200737,"AT,LT",1086
cep_spp,defoliator,1,ips_typ,B,-0.3385940687371113,-0.0190802773243176,insufficient data,CZ,6,93,82.1676118462508,"AT,BG,CH,DE,FI,HR,HU,IT,LT,PL,RO,RS,SE,SI,SK",1587
cep_spp,defoliator,2,pit_spp,B,-0.32014289435342075,0.07285619318859766,insufficient data,CZ,6,76,36.54694391934468,"AT,DE,HR,SI",1587
cep_spp,defoliator,3,pri_abi,B,0.4241814920248439,0.15884645172447326,insufficient data,CZ,6,73,21.73913043478261,DE,1587
clo_ana,defoliator,NA,NA,C,NA,NA,NA,NA,NA,NA,NA,NA,1748
den_mic,borer,NA,NA,C,NA,NA,NA,NA,NA,NA,NA,NA,1219
den_pin,defoliator,1,dip_sp,A,0.34826189906333793,0.2265715164994938,consistent,"DE,PL",12,130,17.77986829727187,AT,1063
den_pin,defoliator,2,lym_mon,A,0.4092064005605622,0.21012900913691698,consistent,"DE,PL",11,134,17.30950141110066,CZ,1063
den_pin,defoliator,3,pan_fla,A,0.3561476168816624,0.3161219190093013,consistent,"DE,PL",11,86,17.30950141110066,CZ,1063
dip_sp,defoliator,1,ips_acu,B,-0.271118178583526,-0.062459713856547,consistent,"DE,PL",9,39,25.62929061784897,"BG,CZ,SK",874
dip_sp,defoliator,2,pan_fla,B,0.24293625748979317,0.2600419394062968,consistent,"DE,PL",14,124,21.05263157894737,CZ,874
dip_sp,defoliator,3,tom_spp,B,0.21776429028741923,0.03196911616357585,consistent,"AT,DE,PL",15,162,21.05263157894737,CZ,874
era_def,defoliator,1,ips_typ,B,-0.47912037837060845,-0.07422546726106018,insufficient data,DE,2,24,80.15427769985975,"AT,BG,CH,CZ,FI,HR,HU,IT,LT,PL,RO,RS,SE,SI,SK",1426
era_def,defoliator,2,lym_mon,B,0.5097399981146913,0.2321788663385441,insufficient data,DE,2,19,38.35904628330996,"CZ,LT,PL",1426
era_def,defoliator,3,tor_vir,B,0.6249725747604717,0.4587816481297993,insufficient data,DE,2,21,28.68162692847125,"BG,LT,PL,RO",1426
geo_db,defoliator,1,pri_abi,B,-0.3357989636257012,0.06423267686124001,insufficient data,DE,2,17,18.41841841841842,CZ,999
geo_db,defoliator,2,neo_ser,B,-0.22132577607165868,-0.05326744576067014,consistent,"BG,DE",2,15,18.41841841841842,CZ,999
ips_acu,borer,1,tha_pit,A,0.3570891304862017,0.2590494490401004,consistent,"BG,DE",2,25,2.7413587604290823,HR,839
ips_acu,borer,2,ips_typ,B,0.400220031622954,0.12922698509142755,consistent,"BG,CZ,DE,LT,PL,SK",21,306,66.26936829558998,"AT,CH,FI,HR,HU,IT,RO,RS,SE,SI",839
ips_acu,borer,3,pit_spp,B,0.6491456957739817,0.18991097441106441,insufficient data,CZ,6,112,28.00953516090584,"AT,HR,SI",839
ips_ami,borer,NA,NA,C,NA,NA,NA,NA,NA,NA,NA,NA,1426
ips_cem,borer,1,ips_typ,B,0.5628439496475026,0.45661387007551507,insufficient data,DE,11,188,80.15427769985975,"AT,BG,CH,CZ,FI,HR,HU,IT,LT,PL,RO,RS,SE,SI,SK",1426
ips_cem,borer,2,pha_cya,B,0.5360963201227454,0.4615750040337125,insufficient data,DE,10,171,51.61290322580645,"AT,CZ,LT,PL",1426
ips_cem,borer,3,tom_spp,B,0.33389121558688917,0.30472712968328625,insufficient data,DE,10,160,51.61290322580645,"AT,CZ,LT,PL",1426
ips_dup,borer,1,tom_spp,B,0.5594019061776835,0.04599086396436354,insufficient data,CZ,8,150,58.09585492227979,"AT,DE,LT,PL",1544
ips_dup,borer,2,pha_cya,B,0.3872364111186658,0.007623826825141119,insufficient data,CZ,7,132,58.09585492227979,"AT,DE,LT,PL",1544
ips_dup,borer,3,ips_acu,B,0.5124313572730236,0.16414411286641883,consistent,"CZ,SK",8,158,47.08549222797927,"BG,DE,LT,PL,SK",1544
ips_sex,borer,1,pha_cya,A,0.6224203991656805,0.41761148353371397,consistent,"CZ,DE",11,198,45.09803921568628,"AT,LT,PL",1224
ips_sex,borer,2,tom_spp,A,0.5839601231043924,0.3785835511827134,consistent,"CZ,DE",11,211,45.09803921568628,"AT,LT,PL",1224
ips_sex,borer,3,ips_acu,A,0.5542001428617387,0.259279664301975,consistent,"BG,CZ,DE",11,192,31.454248366013072,"LT,PL,SK",1224
ips_typ,borer,NA,NA,C,NA,NA,NA,NA,NA,NA,NA,NA,283
lym_dis,defoliator,1,pha_cya,A,0.3933294190614382,0.3174102568517938,consistent,"AT,DE",9,94,37.8619153674833,PL,898
lym_dis,defoliator,2,mel_spp,B,0.3305376233148651,0.40211614780428556,insufficient data,DE,4,40,37.8619153674833,PL,898
lym_mon,defoliator,NA,NA,C,NA,NA,NA,NA,NA,NA,NA,NA,879
mel_spp,defoliator,1,lym_dis,B,0.3305376233148651,0.40211614780428556,insufficient data,DE,4,40,48.61878453038674,"AT,BG,CZ,HR,HU,LT,RO,RS,SK",1086
mel_spp,defoliator,2,pis_pin,B,0.6609811788448158,0.5458451693967742,insufficient data,DE,2,14,2.117863720073665,LT,1086
neo_ser,defoliator,1,geo_db,B,-0.22132577607165868,-0.05326744576067014,consistent,"BG,DE",2,15,33.41503267973856,"HR,LT,PL,RO",1224
ope_spp,defoliator,1,tom_spp,B,0.3831489588197987,0.2754961072035094,insufficient data,DE,3,30,51.61290322580645,"AT,CZ,LT,PL",1426
ope_spp,defoliator,2,tor_vir,B,0.3857237153673536,0.2524411976580045,insufficient data,DE,3,27,28.68162692847125,"BG,LT,PL,RO",1426
ope_spp,defoliator,3,ips_sex,B,0.3989152315096361,0.40505982079318315,insufficient data,DE,2,14,14.165497896213184,"BG,CZ",1426
pan_fla,defoliator,1,ips_typ,B,0.23307878368385054,0.1480111451136587,consistent,"DE,PL",15,159,67.80432309442548,"AT,BG,CH,FI,HR,HU,IT,RO,RS,SE,SI,SK",879
pan_fla,defoliator,2,pit_cha,B,0.43295272576448046,0.3581895440009887,insufficient data,DE,2,15,29.23777019340159,"AT,IT,SI,SK",879
pan_fla,defoliator,3,dip_sp,B,0.24293625748979317,0.2600419394062968,consistent,"DE,PL",14,124,21.501706484641637,AT,879
pha_cya,borer,1,ips_typ,A,0.3687614057736548,0.34894374967746555,consistent,"AT,CZ,DE,PL",38,668,58.98550724637681,"BG,CH,FI,HR,HU,IT,RO,RS,SE,SI,SK",690
pha_cya,borer,2,lym_dis,A,0.3933294190614382,0.3174102568517938,consistent,"AT,DE",9,94,19.130434782608695,"BG,HR,HU,RO,RS,SK",690
pha_cya,borer,3,pit_cha,A,0.4011981007647451,0.3865969720797153,consistent,"AT,DE",15,239,9.855072463768115,"IT,SI,SK",690
pis_pin,borer,1,pit_cha,A,0.4802395792257351,0.4416186944371014,consistent,"DE,LT",4,66,18.317890235210264,"AT,IT,SI,SK",1403
pis_pin,borer,2,sco_rat,A,0.4016950613299932,0.5064540302564541,consistent,"DE,LT",3,41,13.114754098360656,CZ,1403
pis_pin,borer,3,pha_cya,B,0.41762544403003105,0.5044387190929619,insufficient data,DE,3,48,50.81967213114754,"AT,CZ,PL",1403
pit_bid,borer,1,ips_typ,B,0.567928238073496,0.10640019741941449,insufficient data,DE,3,58,80.15427769985975,"AT,BG,CH,CZ,FI,HR,HU,IT,LT,PL,RO,RS,SE,SI,SK",1426
pit_bid,borer,2,pha_cya,B,0.6629217694238595,0.10928476399210066,insufficient data,DE,3,58,51.61290322580645,"AT,CZ,LT,PL",1426
pit_bid,borer,3,tom_spp,B,0.3512330399658951,0.03029566963109666,insufficient data,DE,3,58,51.61290322580645,"AT,CZ,LT,PL",1426
pit_cha,borer,1,pha_cya,A,0.4011981007647451,0.3865969720797153,consistent,"AT,DE",15,239,45.724258289703315,"CZ,PL",1146
pit_cha,borer,2,pit_spp,A,0.36571369969693607,0.25836405164726217,consistent,"AT,DE,SI",11,196,18.06282722513089,"CZ,HR",1146
pit_cha,borer,3,tet_gab,A,0.3044474725501062,0.2777827452232491,consistent,"AT,DE",10,146,16.05584642233857,CZ,1146
pit_spp,borer,1,ips_typ,A,0.5588472438139428,0.32691246326043033,consistent,"AT,CZ,DE,HR,SI",18,352,71.89672293942404,"BG,CH,FI,HU,IT,LT,PL,RO,RS,SE,SK",1007
pit_spp,borer,2,pha_cya,A,0.30762204277596517,0.21021170479127965,consistent,"AT,CZ,DE",13,223,36.04766633565045,"LT,PL",1007
pit_spp,borer,3,pit_cha,A,0.36571369969693607,0.25836405164726217,consistent,"AT,DE,SI",11,196,6.752730883813307,"IT,LT,SK",1007
pol_pol,borer,NA,NA,C,NA,NA,NA,NA,NA,NA,NA,NA,1564
pri_abi,defoliator,1,ips_typ,B,-0.4215984230516386,-0.037627479484587875,consistent,"CZ,DE",10,146,77.21417069243157,"AT,BG,CH,FI,HR,HU,IT,LT,PL,RO,RS,SE,SI,SK",1242
pri_abi,defoliator,2,pha_cya,B,-0.3026448898797201,-0.11373793031100247,consistent,"CZ,DE",9,127,44.44444444444444,"AT,LT,PL",1242
pri_abi,defoliator,3,geo_db,B,-0.3357989636257012,0.06423267686124001,insufficient data,DE,2,17,34.38003220611916,"BG,HR,LT,PL,RO",1242
sap_car,borer,NA,NA,C,NA,NA,NA,NA,NA,NA,NA,NA,1426
sco_int,borer,1,sco_rat,A,0.4825830690397753,0.390078372189917,consistent,"CZ,DE",9,91,1.8518518518518519,LT,1242
sco_int,borer,2,ips_typ,B,0.20095297958222716,0.01912564334472495,consistent,"CZ,DE",12,146,77.21417069243157,"AT,BG,CH,FI,HR,HU,IT,LT,PL,RO,RS,SE,SI,SK",1242
sco_int,borer,3,pha_cya,B,0.20860307397322614,0.15573035381606787,consistent,"CZ,DE",12,137,44.44444444444444,"AT,LT,PL",1242
sco_rat,borer,1,ips_acu,A,0.34228853812578514,0.20327364583830687,consistent,"CZ,DE,LT",10,108,31.17309269893355,"BG,PL,SK",1219
sco_rat,borer,2,ips_typ,B,0.40001289544044577,0.12947964122370464,consistent,"CZ,DE,LT",10,121,76.78424938474159,"AT,BG,CH,FI,HR,HU,IT,PL,RO,RS,SE,SI,SK",1219
sco_rat,borer,3,pha_cya,B,0.3347259648910256,0.1407258186130628,consistent,"CZ,DE",9,107,43.39622641509434,"AT,PL",1219
sco_sco,borer,NA,NA,C,NA,NA,NA,NA,NA,NA,NA,NA,1403
tet_gab,borer,1,ips_typ,A,0.3290386518711384,0.2816604387329371,consistent,"AT,DE",10,149,73.1244064577398,"BG,CH,FI,HR,HU,IT,LT,PL,RO,RS,SE,SI,SK",1053
tet_gab,borer,2,pit_cha,A,0.3044474725501062,0.2777827452232491,consistent,"AT,DE",10,146,8.641975308641975,"IT,LT,SI,SK",1053
tet_gab,borer,3,pis_pin,B,0.6160741347720833,0.5228863829779784,insufficient data,DE,3,24,2.184235517568851,LT,1053
tet_spp,borer,1,ips_typ,B,0.3457552608028455,0.3339263986546825,insufficient data,DE,5,66,80.15427769985975,"AT,BG,CH,CZ,FI,HR,HU,IT,LT,PL,RO,RS,SE,SI,SK",1426
tet_spp,borer,2,lym_dis,B,0.48908725422764965,0.38324259629606805,insufficient data,DE,3,31,37.02664796633941,"AT,BG,CZ,HR,HU,LT,RO,RS,SK",1426
tet_spp,borer,3,pit_spp,B,0.40800470316995,0.5273967727420246,insufficient data,DE,2,33,29.38288920056101,"AT,CZ,HR,SI",1426
tha_pit,defoliator,1,ips_acu,A,0.3570891304862017,0.2590494490401004,consistent,"BG,DE",2,25,41.08303249097473,"CZ,LT,PL,SK",1385
tha_pit,defoliator,2,geo_db,A,0.4486577795283575,0.22034502665347805,consistent,"BG,HR",2,33,27.870036101083034,"LT,PL,RO",1385
tha_pro,defoliator,1,dip_sp,B,-0.303096542445008,-0.2618458685881775,insufficient data,DE,2,19,38.70967741935484,"AT,LT,PL",1426
tha_pro,defoliator,2,lym_mon,B,0.3812203671938262,0.6407766707071914,insufficient data,DE,2,22,38.35904628330996,"CZ,LT,PL",1426
tom_spp,borer,1,ips_sex,A,0.5839601231043924,0.3785835511827134,consistent,"CZ,DE",11,211,2.608695652173913,BG,690
tom_spp,borer,2,tor_vir,B,0.20594219135010958,0.03288584498328458,consistent,"DE,LT,PL",16,159,6.666666666666667,"BG,RO",690
tom_spp,borer,3,ips_dup,B,0.5594019061776835,0.04599086396436354,insufficient data,CZ,8,150,6.231884057971015,"RO,SK",690
tor_vir,defoliator,1,tom_spp,B,0.20594219135010958,0.03288584498328458,consistent,"DE,LT,PL",16,159,36.676499508357914,"AT,CZ",1017
tor_vir,defoliator,2,dip_sp,B,0.24889950109637488,0.15250091403696886,consistent,"DE,PL",15,146,18.58407079646018,AT,1017
tor_vir,defoliator,3,pan_fla,B,0.20526007652829578,0.07319076440435406,consistent,"DE,PL",12,94,18.09242871189774,CZ,1017
uro_sir_spp,borer,NA,NA,C,NA,NA,NA,NA,NA,NA,NA,NA,1426
xyl_lin,borer,1,dip_sp,B,0.34523890918346567,0.1938915933019903,insufficient data,DE,3,38,38.70967741935484,"AT,LT,PL",1426
xyl_lin,borer,2,geo_db,B,0.4683786003938784,0.5987137727952161,insufficient data,DE,2,33,29.94389901823282,"BG,HR,LT,PL,RO",1426
xyl_lin,borer,3,tor_vir,B,0.3736762341652545,0.3589306603026714,insufficient data,DE,7,88,28.68162692847125,"BG,LT,PL,RO",1426
xyl_spp,borer,1,tor_vir,B,0.30512454521116483,0.37284444253461557,insufficient data,DE,5,78,28.68162692847125,"BG,LT,PL,RO",1426
xyl_spp,borer,2,ips_sex,B,0.37754615228043115,0.32539088245898257,insufficient data,DE,4,69,14.165497896213184,"BG,CZ",1426
zei_gri,defoliator,NA,NA,C,NA,NA,NA,NA,NA,NA,NA,NA,1242
