species,guild,host_tree,F1,F2,F3,species_level
CambXyl_con&BB_con&BO,borer,Pinus sylvestris,-0.720967849653051,-0.3073897393863277,1.3087908436876137,2.7069141741589595
CambXyl_con&BB_con&SM,borer,Picea abies,-0.12488557182325799,-0.8942501334423711,1.4816800604553282,1.99964789291724
CambXyl_con&BO,borer,Pinus sylvestris,-0.3607997845874527,-0.8158591326406897,0.7212818919908197,1.8115235961346747
CambXyl_con&MD,borer,Larix decidua,-0.7679464718823393,-0.49409136844537105,0.9216890272775558,2.3352874245089463
Def_dec,defoliator,Aesculus spp.,-0.392648334310649,-0.9902052742724583,0.07379439114613501,1.2612393591781845
Def_dec&DB,defoliator,Quercus spp.,0.38280304311282515,-0.9117696824494724,0.8478477620147327,2.2814177541099125
agr_big,borer,Quercus spp.,1.0462352070513088,1.6206407885049798,1.3075019606003182,5.59090258934799
agr_vir,borer,Quercus spp.,0.21426293871346858,0.17039015622470882,1.2737078121835892,2.6771197273563847
bup_pin,defoliator,Pinus sylvestris,-0.006911866120774657,-0.6045537465931354,-0.6689659133701195,1.318363156103169
cep_spp,defoliator,Picea abies,0.08053068304797338,-0.21467789237765078,-0.07436696196863116,2.188725001839447
clo_ana,defoliator,"Populus, Salix ?",-0.0020621107365969954,0.001953474462442202,0.00974533429277076,-1.7605643534215119
den_mic,borer,Picea abies,-0.17074515230305332,-1.257583536927035,0.08270872209250807,0.9778593747245644
den_pin,defoliator,Pinus sylvestris,0.17422746661508115,-1.4749510268062496,-0.7832165416985731,1.6916460636573667
dip_sp,defoliator,Pinus sylvestris,1.0308163961876,-1.4272343012232063,-1.0103486254160066,2.0151671766100008
era_def,defoliator,Quercus spp.,0.027065461525855872,-0.5656348781686226,-0.2630459692465026,2.1128429635100456
geo_db,defoliator,Quercus spp.,0.18632392487236277,-0.5671795500193877,-0.4870425006270129,2.272404360263775
ips_acu,borer,Pinus sylvestris,-4.127879878951147,1.2836334787612773,-0.951424697934179,2.926015756277942
ips_ami,borer,Picea abies,-0.48453225618959206,-1.009480956652447,0.007864790351404027,1.509788814002208
ips_cem,borer,Larix decidua,0.8348022385722316,2.3254313095867447,-0.200402781428484,5.884686417688182
ips_dup,borer,Picea abies,-0.3948774581501789,0.8138201248811723,0.09400591893910454,6.042527353721626
ips_sex,borer,Pinus sylvestris,-0.6157161527449403,0.5552814511260565,-1.5215409083129672,3.1543866715706304
ips_typ,borer,Picea abies,-0.1849105565478651,5.852204803149007,0.02421672319944923,9.18767601112755
lym_dis,defoliator,Quercus spp.,1.0727206692429738,-0.7916991073651465,0.45522193118252,1.8068259520506955
lym_mon,defoliator,Picea abies,1.0377967674455533,-1.519993222459728,-1.0584636687147617,2.979732651799183
mel_spp,defoliator,Quercus spp.,0.28753086157996854,-0.19203605896047182,2.4200302934625166,3.5306116043347537
neo_ser,defoliator,Pinus sylvestris,-0.21785889755844232,-1.2054740822672747,-0.11353873790500746,1.117853770640105
ope_spp,defoliator,Quercus spp.,-0.048522507667092186,-0.22128893761712898,-0.07713266820309458,2.2366132153179037
pan_fla,defoliator,Pinus sylvestris,0.19595527279422242,-1.3531755051029117,-0.4388935619233308,1.3157062266960475
pha_cya,borer,Pinus sylvestris,4.225313827779488,1.1041928748825551,-0.8082439526676247,5.312010179993455
pis_pin,borer,Pinus sylvestris,-0.7519798282479335,-0.17440830666557727,-0.8941408789589906,2.6031021681661755
pit_bid,borer,Pinus sylvestris,-0.4512029357025884,-0.17685293979438826,-1.0504674052294434,2.2312473655638576
pit_cha,borer,Picea abies,0.440586286854426,3.6237855137823876,-0.08099336188764461,6.893937380447609
pit_spp,borer,Abies alba,0.2145912653221782,0.915101550840515,2.54373942712301,3.7465013865624566
pol_pol,borer,Picea abies,-0.021740431097086697,0.29056166285289087,0.0350990401338314,4.851204250574353
pri_abi,defoliator,Picea abies,-0.24575844340600303,-0.6318157037608051,-0.35632650818362366,2.047936782823675
sap_car,borer,"Populus, Salix",-0.39768247973137194,-0.9900743853119094,0.06973194505247804,1.252827576811888
sco_int,borer,Quercus spp.,-0.11668930896930754,-0.3633579504237974,-0.1205569513385759,2.231594534645505
sco_rat,borer,Betula spp.,-0.3210618858360302,-0.6511801145285587,-0.6830068975643698,1.761522241922982
sco_sco,borer,Ulmus spp.,-0.16490200195314153,-0.9438537156587328,-0.14427435149155665,1.4752335085607944
tet_gab,borer,Larix decidua,0.7174376547503366,-0.5501986819565197,1.1500103688891583,2.1929802682041863
tet_spp,borer,Picea abies,0.01281884117647325,-0.2614109572223125,1.2875922925185999,2.7017679334646085
tha_pit,defoliator,Pinus sylvestris,-0.5069453550147877,-0.9672146501958403,-0.0011640963278106709,1.6907701242337332
tha_pro,defoliator,Quercus spp.,0.6300580583608922,0.1789678136845581,1.080629564262641,3.397740832552825
tom_spp,borer,Pinus sylvestris,0.03161720819186853,3.504298742629305,-0.2230553716787822,4.459241846632232
tor_vir,defoliator,Quercus spp.,-0.08651520941544602,0.5994854464660304,-1.356245444090868,2.59953121482793
uro_sir_spp,borer,Picea abies,-0.35695246236993544,-0.8538874398014978,0.14389680640274452,1.5079567815601425
xyl_lin,borer,Picea abies,0.4458764228083082,2.1948042186537897,-2.123516420775866,5.533294050204889
xyl_spp,borer,Quercus spp.,0.3318388708668316,1.3899918446556287,-1.805051308983988,4.219572126404537
zei_gri,defoliator,Picea abies,-0.31598605292969206,-1.1144613995504262,0.03017080614853107,1.2392045455475516
