model,n_cells,rmse,bias,dynamics_r,n_series,skill_vs_year_baseline
Baseline: best single helper,21119,3.8755882656580427,0.30815614169188404,0.25200023696094487,578,0.1238663290517934
Baseline: species average,21119,4.059035989468732,0.47359227443426827,NA,0,0.03896122480380526
Baseline: species x year average,21119,4.140496736973109,0.4565654431633342,0.16200554338993003,641,0
"Factor model: K=0, lambda=20",21119,3.350181916957726,0.1993745800675662,0.26645434244960464,641,0.3453157593770284
"Factor model: K=1, lambda=100",21119,3.3587076284179505,0.19802104779483648,0.26048074331501275,641,0.34197937269587353
"Factor model: K=1, lambda=20",21119,3.4917052682896537,0.21136925569108342,0.2324589213676574,641,0.2888351830302578
"Factor model: K=1, lambda=5",21119,3.8597796985015163,0.2994130965186564,0.22430926058458692,641,0.13099926940778484
"Factor model: K=1, lambda=50",21119,3.4308162070232586,0.2186671452281061,0.23717678027064992,641,0.3134217955453388
"Factor model: K=2, lambda=100",21119,3.354989039409945,0.18938090295893123,0.25984791321898054,641,0.3434356195601763
"Factor model: K=2, lambda=20",21119,3.5398662331148514,0.10317955887274273,0.21228417747659675,641,0.26908174553257336
"Factor model: K=2, lambda=5",21119,3.803626614465388,0.1428295662442935,0.18543481775621187,641,0.15610024333039973
"Factor model: K=2, lambda=50",21119,3.381316168224298,0.17147269073887889,0.22949499192935835,641,0.3330908609558748
"Factor model: K=3, lambda=100",21119,3.332087451943706,0.18901861145023366,0.26242376245292803,641,0.35236861237891615
"Factor model: K=3, lambda=20",21119,3.58955437739613,0.1087577049410413,0.2231820323974502,641,0.24841832943318776
"Factor model: K=3, lambda=5",21119,4.338945161401666,0.27236555520639266,0.20611476854770797,641,-0.09815445827283087
"Factor model: K=3, lambda=50",21119,3.3824618813960408,0.14859851662553333,0.23071128129752583,641,0.33263883813568806
"Factor model: K=4, lambda=100",21119,3.3322883561090406,0.18977399617638746,0.26301931954844804,641,0.3522905137289144
"Factor model: K=4, lambda=20",21119,3.722402142067429,0.16077963153404967,0.20093971617511097,641,0.19175749604104841
"Factor model: K=4, lambda=5",21119,4.525341120225429,0.2887153021637239,0.16373764909496458,641,-0.19453189521970815
"Factor model: K=4, lambda=50",21119,3.3679576863377725,0.14110355995173351,0.22278331911873805,641,0.3383499347241795
"Factor model: K=6, lambda=100",21119,3.332202476850204,0.1897218694982996,0.26301425425484937,641,0.35232389865116664
"Factor model: K=6, lambda=20",21119,3.64743917225777,0.15315665781453766,0.19579700970587738,641,0.22398302294830585
"Factor model: K=6, lambda=5",21119,4.44193930996363,0.35439055659468305,0.15134168865940578,641,-0.15090730753453463
"Factor model: K=6, lambda=50",21119,3.3441418132377247,0.16407107673075025,0.2455849527498195,641,0.3476743154917865
