model,species,n_cells,rmse,bias,dynamics_r,n_series,skill_vs_year_baseline
Baseline: best single helper,CambXyl_con&BB_con&BO,195,3.8990591784014663,0.6693496059132814,0.10031305273162938,9,0.0048749483151062645
Baseline: best single helper,CambXyl_con&BO,46,6.67452534714352,0,0.18806625726343018,2,0
Baseline: best single helper,CambXyl_con&MD,184,5.027867988726526,2.2026219269946328,0.268326789602216,8,-0.0029810852641181107
Baseline: best single helper,Def_dec&DB,404,3.2243712329030814,0.1377745829190105,0.020249737383097894,18,-0.06725498102114669
Baseline: best single helper,agr_big,547,3.4547751141610075,0.1509960399756957,0.24338014033709982,26,0.13623297097182296
Baseline: best single helper,den_pin,246,3.9416350326663685,-0.2039898718686985,0.32023882652422164,12,0.12588940284459893
Baseline: best single helper,dip_sp,435,3.6116706234088904,-0.15965442517747164,0.32897965255310746,21,0.15832993105729676
Baseline: best single helper,geo_db,453,4.01806862669654,-1.1844871290916912,0.11541780877027173,22,-0.12266998071388535
Baseline: best single helper,ips_acu,453,4.278387956822723,-0.3124635089784524,0.3527037074644338,21,-0.11967483303681758
Baseline: best single helper,ips_dup,227,9.1240520681263,-5.36052819246468,0.667955440749643,10,-2.9120493692198983
Baseline: best single helper,ips_sex,271,2.945246180059481,-1.0936597814444446,0.4395758970658064,12,0.16743320841026244
Baseline: best single helper,ips_typ,1140,3.8807082195344402,0.9355184432412468,0.43000778667949635,53,-0.319683110894428
Baseline: best single helper,lym_dis,374,4.080382548608317,-0.1069381764379457,0.14306305257649227,17,-0.12896928977976452
Baseline: best single helper,lym_mon,507,3.6909653727604814,-0.9433524498751024,0.31130920008456464,24,0.2932763786553222
Baseline: best single helper,pan_fla,306,3.7402979743319285,-1.304118866766349,0.2763223019355005,15,0.08981777353038733
Baseline: best single helper,pha_cya,816,3.6740757787132816,0.5815949132425223,0.40291664394822346,38,0.3229557058151794
Baseline: best single helper,pis_pin,92,5.329538437281996,1.6098622172323809,0.2927602570657833,4,-0.0066819448698272055
Baseline: best single helper,pit_cha,510,4.8822933017183665,0.9792682673493115,0.3490798298612563,23,-0.39018505738384324
Baseline: best single helper,pit_spp,400,3.952825509457855,-0.12694962387087952,0.5156287325336333,18,-0.15663444881049848
Baseline: best single helper,pol_pol,207,3.7356721831096316,-0.43137486158188204,0.03479502861227136,9,0.0038720074780185243
Baseline: best single helper,pri_abi,230,3.0448521548247,-0.8925226011204046,-0.15698535927939655,10,-0.6588918106839159
Baseline: best single helper,sco_int,276,2.575039625260132,-0.1322413273791708,0.43224488724562404,12,0.4131970302433827
Baseline: best single helper,sco_rat,230,2.228755906174262,0.45736375096687987,0.48443128468810154,10,0.5374255410952358
Baseline: best single helper,tet_gab,222,3.626789364523625,-0.452772136410985,0.22845521416714482,10,-0.10954927033493012
Baseline: best single helper,tha_pit,64,4.522107191704292,0.15470548606093532,0.0758340257593159,3,0.17185568807491636
Baseline: best single helper,tom_spp,804,3.6137803012284553,-0.5044002891454848,0.28424754263638907,37,0.13594074931076483
Baseline: best single helper,tor_vir,525,3.5820793754477713,0.5737325652423466,0.1827292963605113,25,-0.014870385640131545
Baseline: species x year average,CambXyl_con&BB_con&BO,195,3.9085979242601097,0.6391387395436213,0.07722258924073327,9,0
Baseline: species x year average,CambXyl_con&BO,46,6.67452534714352,0,0.18806625726343018,2,0
Baseline: species x year average,CambXyl_con&MD,184,5.020390451376205,1.7479154266052324,0.3118964604785302,8,0
Baseline: species x year average,Def_dec&DB,404,3.1211234208527485,0.03975237775656002,0.17793786568324702,18,0
Baseline: species x year average,agr_big,547,3.71724744242667,-0.4994311717701216,-0.20106159458888379,26,0
Baseline: species x year average,den_pin,246,4.215928302814928,-1.0651441312910173,0.2925212823227145,12,0
Baseline: species x year average,dip_sp,435,3.9367441888349997,-0.8868445960745673,0.28683607167117275,21,0
Baseline: species x year average,geo_db,453,3.7922005332551456,0.45414405145299996,0.18809423057454092,22,0
Baseline: species x year average,ips_acu,453,4.043283604686036,0.3446876712103464,0.6541580547502385,21,0
Baseline: species x year average,ips_dup,227,4.613022698475788,0.318203137161308,0.6154398413013304,10,0
Baseline: species x year average,ips_sex,271,3.2278404466667645,0.35125319811593475,0.2339403863027445,12,0
Baseline: species x year average,ips_typ,1140,3.3781284652967574,-0.20870074164383604,0.17122429368141182,53,0
Baseline: species x year average,lym_dis,374,3.8402528245724237,0.21935551245370039,0.4051496044353785,17,0
Baseline: species x year average,lym_mon,507,4.390511986728186,-1.030346074580608,0.3083374873847252,24,0
Baseline: species x year average,pan_fla,306,3.92050513260642,-1.6073599548442288,0.3263205904554577,15,0
Baseline: species x year average,pha_cya,816,4.465186142805372,-0.4656167909603659,0.12291508306126571,38,0
Baseline: species x year average,pis_pin,92,5.311821335519636,1.7484105903074512,0.2145114078352225,4,0
Baseline: species x year average,pit_cha,510,4.140831494737965,-0.12320718237859471,0.08161599848391048,23,0
Baseline: species x year average,pit_spp,400,3.6754420701230113,0.3571612158024999,0.4549173042100764,18,0
Baseline: species x year average,pol_pol,207,3.7429255289907397,-0.5023957563302064,-0.034030716980721486,9,0
Baseline: species x year average,pri_abi,230,2.364052834242566,0.04722128110595893,0.6691295433906148,10,0
Baseline: species x year average,sco_int,276,3.361535986450102,0.25819621338387677,0.24478220744561172,12,0
Baseline: species x year average,sco_rat,230,3.2769640903378368,0.8720943100771217,0.152877319201788,10,0
Baseline: species x year average,tet_gab,222,3.443095251610012,0.09700069901061348,0.029879283796066518,10,0
Baseline: species x year average,tha_pit,64,4.969215611844886,-1.3877787807814457e-17,-0.6371883371337266,3,0
Baseline: species x year average,tom_spp,804,3.8876752892323556,-0.010370666764570572,-0.031159822997299903,37,0
Baseline: species x year average,tor_vir,525,3.5557393282379093,-0.06659489961680702,0.21386106025405793,25,0
"Factor model: K=2, lambda=50",CambXyl_con&BB_con&BO,195,3.603352108178745,-1.1182136871532466,0.3541305974381157,9,0.15009299241843888
"Factor model: K=2, lambda=50",CambXyl_con&BO,46,6.277204797138952,0.12259280119096184,0.18577180453283565,2,0.11551224957879691
"Factor model: K=2, lambda=50",CambXyl_con&MD,184,2.857644768456875,0.49361417891504256,0.35867175201874035,8,0.6760026245268107
"Factor model: K=2, lambda=50",Def_dec&DB,404,3.1629947553454776,-0.08318787942907874,0.17200894491450178,18,-0.027010912805311094
"Factor model: K=2, lambda=50",agr_big,547,2.977342698653091,-0.33936908156272166,0.26266172456961745,26,0.35847334032133915
"Factor model: K=2, lambda=50",den_pin,246,3.5702736826576102,-0.421558603100333,0.4703707360914408,12,0.28283913199387345
"Factor model: K=2, lambda=50",dip_sp,435,3.643316672302754,-0.7979796131339536,0.28357088677717507,21,0.14351560971464428
"Factor model: K=2, lambda=50",geo_db,453,3.422406928107028,0.417322207700258,0.19430956922714776,22,0.18551947785241574
"Factor model: K=2, lambda=50",ips_acu,453,4.585589641223915,0.23068015423585947,0.1156175651818487,21,-0.2862398651563809
"Factor model: K=2, lambda=50",ips_dup,227,4.844049265485264,-1.421891246106754,0.23204375815871414,10,-0.10267091568503273
"Factor model: K=2, lambda=50",ips_sex,271,2.371888965623797,0.30169521783803804,0.5494718925815969,12,0.4600362672959669
"Factor model: K=2, lambda=50",ips_typ,1140,3.208339944579274,-0.2198239555766587,0.36762669685422283,53,0.09799606012435913
"Factor model: K=2, lambda=50",lym_dis,374,3.7550018198831157,-0.06973674832964362,0.24364264646255887,17,0.04390583190039721
"Factor model: K=2, lambda=50",lym_mon,507,3.7769583040469326,-1.03649444797851,0.33085597594477745,24,0.2599619561264337
"Factor model: K=2, lambda=50",pan_fla,306,3.190259055462279,0.24256836833633516,0.44589554830293,15,0.33783252224911764
"Factor model: K=2, lambda=50",pha_cya,816,4.015650889199879,-0.464673172817397,0.29794498083252974,38,0.1912156072775273
"Factor model: K=2, lambda=50",pis_pin,92,4.128761552870205,1.7379921928309374,0.5814476981146752,4,0.3958390017799358
"Factor model: K=2, lambda=50",pit_cha,510,3.605395434184609,0.0061316568108922736,0.42367678842429146,23,0.24189267466853315
"Factor model: K=2, lambda=50",pit_spp,400,3.3250822425494984,0.12658242990542082,0.34863267088893357,18,0.18156231352227115
"Factor model: K=2, lambda=50",pol_pol,207,2.9126054081879857,-0.9879279278847164,0.1865998528796287,9,0.39446265737929753
"Factor model: K=2, lambda=50",pri_abi,230,3.4539349912408297,-0.7793804260495372,-0.2772989366958858,10,-1.13458749852628
"Factor model: K=2, lambda=50",sco_int,276,2.582813532627931,0.1340842029234786,0.3950053611538612,12,0.40964862832507565
"Factor model: K=2, lambda=50",sco_rat,230,2.4151740926166076,0.5349748209195996,0.4153880382813333,10,0.4568078086080448
"Factor model: K=2, lambda=50",tet_gab,222,3.1277727808183573,0.13475764733296475,0.3041716875330371,10,0.1747751128052859
"Factor model: K=2, lambda=50",tha_pit,64,4.0914113729976735,0.1014627358923192,-0.13309676119943745,3,0.3220922262058269
"Factor model: K=2, lambda=50",tom_spp,804,3.109796919845083,0.034857934654135433,0.3256134715284796,37,0.3601412844714068
"Factor model: K=2, lambda=50",tor_vir,525,3.3303681128748375,0.2251793970966334,0.24509575693310648,25,0.12274743078662931
