country,nuts_id,nuts_level,ips_typ,pha_cya,tom_spp,ips_acu,lym_mon,dip_sp,tor_vir,agr_big,lym_dis,geo_db,mel_spp,pit_cha,pan_fla,bup_pin,pit_spp,den_pin,Def_dec&DB,tet_gab,ips_sex,sco_int,pri_abi,CambXyl_con&BB_con&BO,sco_rat,ips_cem,xyl_spp,era_def,ips_dup,xyl_lin,tha_pro,agr_vir,CambXyl_con&MD,pol_pol,ope_spp,tet_spp,pis_pin,zei_gri,cep_spp,sco_sco,pit_bid,neo_ser,uro_sir_spp,CambXyl_con&BO,tha_pit,den_mic,CambXyl_con&BB_con&SM,ips_ami,Def_dec,clo_ana,sap_car
AT,AT11,NUTS2,21,10,21,NA,NA,3,NA,NA,10,NA,NA,21,NA,NA,0,NA,18,5,NA,NA,NA,21,NA,NA,NA,NA,NA,NA,NA,NA,NA,NA,NA,NA,NA,NA,NA,NA,NA,NA,NA,NA,NA,NA,NA,NA,NA,NA,NA
AT,AT12,NUTS2,21,21,21,NA,NA,10,NA,NA,9,NA,NA,21,NA,NA,21,NA,9,15,NA,NA,NA,21,NA,NA,NA,NA,NA,NA,NA,NA,NA,NA,NA,NA,NA,NA,NA,NA,NA,NA,NA,NA,NA,NA,NA,NA,NA,NA,NA
AT,AT13,NUTS2,20,0,4,NA,NA,0,NA,NA,0,NA,NA,17,NA,NA,0,NA,1,0,NA,NA,NA,1,NA,NA,NA,NA,NA,NA,NA,NA,NA,NA,NA,NA,NA,NA,NA,NA,NA,NA,NA,NA,NA,NA,NA,NA,NA,NA,NA
AT,AT21,NUTS2,21,16,21,NA,NA,21,NA,NA,11,NA,NA,21,NA,NA,21,NA,19,17,NA,NA,NA,21,NA,NA,NA,NA,NA,NA,NA,NA,NA,NA,NA,NA,NA,NA,NA,NA,NA,NA,NA,NA,NA,NA,NA,NA,NA,NA,NA
AT,AT22,NUTS2,21,17,21,NA,NA,6,NA,NA,5,NA,NA,21,NA,NA,21,NA,8,21,NA,NA,NA,18,NA,NA,NA,NA,NA,NA,NA,NA,NA,NA,NA,NA,NA,NA,NA,NA,NA,NA,NA,NA,NA,NA,NA,NA,NA,NA,NA
AT,AT31,NUTS2,21,5,21,NA,NA,0,NA,NA,11,NA,NA,21,NA,NA,21,NA,17,18,NA,NA,NA,20,NA,NA,NA,NA,NA,NA,NA,NA,NA,NA,NA,NA,NA,NA,NA,NA,NA,NA,NA,NA,NA,NA,NA,NA,NA,NA,NA
AT,AT32,NUTS2,21,0,0,NA,NA,0,NA,NA,0,NA,NA,21,NA,NA,10,NA,0,1,NA,NA,NA,0,NA,NA,NA,NA,NA,NA,NA,NA,NA,NA,NA,NA,NA,NA,NA,NA,NA,NA,NA,NA,NA,NA,NA,NA,NA,NA,NA
AT,AT33,NUTS2,21,6,21,NA,NA,0,NA,NA,1,NA,NA,21,NA,NA,19,NA,0,0,NA,NA,NA,15,NA,NA,NA,NA,NA,NA,NA,NA,NA,NA,NA,NA,NA,NA,NA,NA,NA,NA,NA,NA,NA,NA,NA,NA,NA,NA,NA
AT,AT34,NUTS2,21,1,20,NA,NA,3,NA,NA,0,NA,NA,21,NA,NA,21,NA,0,0,NA,NA,NA,2,NA,NA,NA,NA,NA,NA,NA,NA,NA,NA,NA,NA,NA,NA,NA,NA,NA,NA,NA,NA,NA,NA,NA,NA,NA,NA,NA
BG,BG,national,18,NA,NA,18,NA,NA,8,NA,11,12,NA,NA,NA,NA,NA,NA,NA,NA,15,NA,NA,NA,NA,NA,NA,NA,NA,NA,NA,NA,NA,NA,NA,NA,NA,NA,NA,NA,NA,16,NA,NA,18,NA,NA,NA,NA,NA,NA
CH,CH,national,23,NA,NA,NA,NA,NA,NA,NA,NA,NA,NA,NA,NA,NA,NA,NA,NA,NA,NA,NA,NA,NA,NA,NA,NA,NA,NA,NA,NA,NA,NA,NA,NA,NA,NA,NA,NA,NA,NA,NA,NA,NA,NA,NA,NA,NA,NA,NA,NA
CZ,CZ01,NUTS2,23,2,8,3,0,NA,NA,NA,1,NA,NA,NA,0,NA,5,NA,11,0,1,1,10,NA,2,NA,NA,NA,6,NA,NA,NA,2,7,NA,NA,NA,0,0,NA,NA,0,NA,NA,NA,0,NA,NA,NA,NA,NA
CZ,CZ02,NUTS2,23,20,23,21,20,NA,NA,NA,2,NA,NA,NA,0,NA,22,NA,16,0,22,16,23,NA,16,NA,NA,NA,20,NA,NA,NA,22,20,NA,NA,NA,17,20,NA,NA,0,NA,NA,NA,0,NA,NA,NA,NA,NA
CZ,CZ03,NUTS2,23,21,23,23,16,NA,NA,NA,1,NA,NA,NA,0,NA,21,NA,8,0,21,13,10,NA,11,NA,NA,NA,22,NA,NA,NA,20,23,NA,NA,NA,5,13,NA,NA,0,NA,NA,NA,0,NA,NA,NA,NA,NA
CZ,CZ04,NUTS2,23,8,23,15,5,NA,NA,NA,1,NA,NA,NA,0,NA,5,NA,8,0,15,9,0,NA,7,NA,NA,NA,16,NA,NA,NA,15,9,NA,NA,NA,5,3,NA,NA,0,NA,NA,NA,0,NA,NA,NA,NA,NA
CZ,CZ05,NUTS2,23,22,23,21,16,NA,NA,NA,0,NA,NA,NA,0,NA,11,NA,23,0,18,10,22,NA,14,NA,NA,NA,22,NA,NA,NA,12,14,NA,NA,NA,16,21,NA,NA,1,NA,NA,NA,0,NA,NA,NA,NA,NA
CZ,CZ06,NUTS2,23,23,23,23,20,NA,NA,NA,5,NA,NA,NA,1,NA,23,NA,21,2,23,15,9,NA,9,NA,NA,NA,23,NA,NA,NA,21,23,NA,NA,NA,17,17,NA,NA,1,NA,NA,NA,0,NA,NA,NA,NA,NA
CZ,CZ07,NUTS2,23,20,21,20,10,NA,NA,NA,2,NA,NA,NA,0,NA,22,NA,17,2,21,11,13,NA,8,NA,NA,NA,23,NA,NA,NA,21,23,NA,NA,NA,6,15,NA,NA,0,NA,NA,NA,0,NA,NA,NA,NA,NA
CZ,CZ08,NUTS2,23,22,21,21,0,NA,NA,NA,0,NA,NA,NA,0,NA,19,NA,11,0,21,16,21,NA,14,NA,NA,NA,23,NA,NA,NA,15,23,NA,NA,NA,6,7,NA,NA,0,NA,NA,NA,1,NA,NA,NA,NA,NA
DE,DE1,NUTS1,19,22,16,1,0,6,4,23,19,4,23,19,0,0,22,0,13,19,2,6,3,12,0,19,6,2,NA,4,21,18,15,NA,3,19,2,0,NA,2,1,0,1,6,0,0,10,0,0,NA,0
DE,DE2,NUTS1,22,22,23,0,10,1,19,23,17,3,7,22,4,4,22,0,0,0,0,0,10,0,0,23,22,11,NA,23,17,13,0,NA,15,2,0,0,NA,0,0,0,0,0,0,0,0,0,0,NA,0
DE,DE3,NUTS1,0,0,0,0,0,0,0,0,0,0,0,0,0,0,0,0,0,0,0,0,0,0,0,0,0,0,NA,0,0,0,0,NA,0,0,0,0,NA,0,0,0,0,0,0,0,0,0,0,NA,0
DE,DE4,NUTS1,23,23,23,15,16,23,12,21,5,2,8,23,9,14,0,18,6,10,22,20,3,0,20,23,22,14,NA,23,14,4,0,NA,0,3,20,0,NA,13,18,0,0,0,11,0,0,2,0,NA,1
DE,DE5,NUTS1,0,0,0,0,0,0,0,0,0,0,0,0,0,0,0,0,0,0,0,0,0,0,0,0,0,0,NA,0,0,0,0,NA,0,0,0,0,NA,0,0,0,0,0,0,0,0,0,0,NA,0
DE,DE6,NUTS1,0,0,0,0,0,0,0,0,0,0,0,0,0,0,0,0,0,0,0,0,0,0,0,0,0,0,NA,0,0,0,0,NA,0,0,0,0,NA,0,0,0,0,0,0,0,0,0,0,NA,0
DE,DE7,NUTS1,6,6,6,2,5,2,1,2,7,0,6,6,6,6,0,0,6,6,0,0,0,4,0,6,3,1,NA,0,4,2,0,NA,0,6,6,0,NA,0,0,0,0,0,0,0,0,0,0,NA,0
DE,DE8,NUTS1,22,22,6,0,1,4,8,5,0,5,3,20,0,6,0,1,5,3,1,0,1,0,0,18,4,2,NA,7,5,1,0,NA,5,0,3,0,NA,0,0,0,0,0,0,0,0,0,0,NA,0
DE,DE9,NUTS1,0,0,0,0,1,0,0,0,0,0,0,0,0,0,0,1,0,1,0,0,0,0,0,0,0,1,NA,0,0,0,0,NA,0,0,0,0,NA,0,0,0,0,0,0,0,0,0,0,NA,0
DE,DEA,NUTS1,18,10,23,0,1,0,0,6,5,0,7,18,0,7,2,0,22,19,3,5,3,0,0,20,10,1,NA,23,19,0,0,NA,1,18,0,0,NA,0,0,0,10,0,0,0,0,0,1,NA,0
DE,DEB; DEC,NUTS1 (merged),23,23,17,2,0,1,3,23,9,1,23,20,0,0,14,0,12,21,2,6,0,9,0,23,4,2,NA,3,17,7,0,NA,2,21,0,0,NA,0,0,0,0,5,0,0,8,0,0,NA,0
DE,DED,NUTS1,23,23,23,20,12,9,20,10,12,14,5,23,5,7,0,4,1,8,22,13,15,0,15,23,22,0,NA,22,0,2,0,NA,8,1,22,4,NA,4,18,11,1,0,0,0,0,0,1,NA,0
DE,DEE,NUTS1,7,7,7,5,5,5,7,7,1,0,1,7,1,5,0,4,0,2,6,2,2,0,2,7,7,1,NA,7,8,0,0,NA,7,0,5,0,NA,5,5,1,0,0,0,0,0,0,0,NA,0
DE,DEF,NUTS1,17,1,2,0,0,0,6,10,0,0,0,17,0,0,0,0,0,3,0,1,0,0,0,10,3,5,NA,12,1,2,0,NA,5,8,0,0,NA,3,0,0,1,0,0,1,0,9,0,NA,0
DE,DEG,NUTS1,23,23,23,13,4,6,23,16,8,19,0,22,4,6,0,6,0,0,22,11,13,0,0,22,22,1,NA,23,3,8,0,NA,1,0,4,0,NA,0,22,0,0,0,0,0,0,0,0,NA,0
FI,FI196,NUTS3,11,NA,NA,NA,NA,NA,NA,NA,NA,NA,NA,NA,NA,NA,NA,NA,NA,NA,NA,NA,NA,NA,NA,NA,NA,NA,NA,NA,NA,NA,NA,NA,NA,NA,NA,NA,NA,NA,NA,NA,NA,NA,NA,NA,NA,NA,NA,NA,NA
FI,FI198,NUTS3,11,NA,NA,NA,NA,NA,NA,NA,NA,NA,NA,NA,NA,NA,NA,NA,NA,NA,NA,NA,NA,NA,NA,NA,NA,NA,NA,NA,NA,NA,NA,NA,NA,NA,NA,NA,NA,NA,NA,NA,NA,NA,NA,NA,NA,NA,NA,NA,NA
FI,FI199,NUTS3,3,NA,NA,NA,NA,NA,NA,NA,NA,NA,NA,NA,NA,NA,NA,NA,NA,NA,NA,NA,NA,NA,NA,NA,NA,NA,NA,NA,NA,NA,NA,NA,NA,NA,NA,NA,NA,NA,NA,NA,NA,NA,NA,NA,NA,NA,NA,NA,NA
FI,FI19A,NUTS3,2,NA,NA,NA,NA,NA,NA,NA,NA,NA,NA,NA,NA,NA,NA,NA,NA,NA,NA,NA,NA,NA,NA,NA,NA,NA,NA,NA,NA,NA,NA,NA,NA,NA,NA,NA,NA,NA,NA,NA,NA,NA,NA,NA,NA,NA,NA,NA,NA
FI,FI19B,NUTS3,11,NA,NA,NA,NA,NA,NA,NA,NA,NA,NA,NA,NA,NA,NA,NA,NA,NA,NA,NA,NA,NA,NA,NA,NA,NA,NA,NA,NA,NA,NA,NA,NA,NA,NA,NA,NA,NA,NA,NA,NA,NA,NA,NA,NA,NA,NA,NA,NA
FI,FI1B1,NUTS3,11,NA,NA,NA,NA,NA,NA,NA,NA,NA,NA,NA,NA,NA,NA,NA,NA,NA,NA,NA,NA,NA,NA,NA,NA,NA,NA,NA,NA,NA,NA,NA,NA,NA,NA,NA,NA,NA,NA,NA,NA,NA,NA,NA,NA,NA,NA,NA,NA
FI,FI1C1,NUTS3,10,NA,NA,NA,NA,NA,NA,NA,NA,NA,NA,NA,NA,NA,NA,NA,NA,NA,NA,NA,NA,NA,NA,NA,NA,NA,NA,NA,NA,NA,NA,NA,NA,NA,NA,NA,NA,NA,NA,NA,NA,NA,NA,NA,NA,NA,NA,NA,NA
FI,FI1C2,NUTS3,11,NA,NA,NA,NA,NA,NA,NA,NA,NA,NA,NA,NA,NA,NA,NA,NA,NA,NA,NA,NA,NA,NA,NA,NA,NA,NA,NA,NA,NA,NA,NA,NA,NA,NA,NA,NA,NA,NA,NA,NA,NA,NA,NA,NA,NA,NA,NA,NA
FI,FI1C5,NUTS3,11,NA,NA,NA,NA,NA,NA,NA,NA,NA,NA,NA,NA,NA,NA,NA,NA,NA,NA,NA,NA,NA,NA,NA,NA,NA,NA,NA,NA,NA,NA,NA,NA,NA,NA,NA,NA,NA,NA,NA,NA,NA,NA,NA,NA,NA,NA,NA,NA
FI,FI1C6,NUTS3,11,NA,NA,NA,NA,NA,NA,NA,NA,NA,NA,NA,NA,NA,NA,NA,NA,NA,NA,NA,NA,NA,NA,NA,NA,NA,NA,NA,NA,NA,NA,NA,NA,NA,NA,NA,NA,NA,NA,NA,NA,NA,NA,NA,NA,NA,NA,NA,NA
FI,FI1C7,NUTS3,11,NA,NA,NA,NA,NA,NA,NA,NA,NA,NA,NA,NA,NA,NA,NA,NA,NA,NA,NA,NA,NA,NA,NA,NA,NA,NA,NA,NA,NA,NA,NA,NA,NA,NA,NA,NA,NA,NA,NA,NA,NA,NA,NA,NA,NA,NA,NA,NA
FI,FI1D5,NUTS3,1,NA,NA,NA,NA,NA,NA,NA,NA,NA,NA,NA,NA,NA,NA,NA,NA,NA,NA,NA,NA,NA,NA,NA,NA,NA,NA,NA,NA,NA,NA,NA,NA,NA,NA,NA,NA,NA,NA,NA,NA,NA,NA,NA,NA,NA,NA,NA,NA
FI,FI1D8,NUTS3,0,NA,NA,NA,NA,NA,NA,NA,NA,NA,NA,NA,NA,NA,NA,NA,NA,NA,NA,NA,NA,NA,NA,NA,NA,NA,NA,NA,NA,NA,NA,NA,NA,NA,NA,NA,NA,NA,NA,NA,NA,NA,NA,NA,NA,NA,NA,NA,NA
FI,FI1D9,NUTS3,4,NA,NA,NA,NA,NA,NA,NA,NA,NA,NA,NA,NA,NA,NA,NA,NA,NA,NA,NA,NA,NA,NA,NA,NA,NA,NA,NA,NA,NA,NA,NA,NA,NA,NA,NA,NA,NA,NA,NA,NA,NA,NA,NA,NA,NA,NA,NA,NA
FI,FI1DA,NUTS3,11,NA,NA,NA,NA,NA,NA,NA,NA,NA,NA,NA,NA,NA,NA,NA,NA,NA,NA,NA,NA,NA,NA,NA,NA,NA,NA,NA,NA,NA,NA,NA,NA,NA,NA,NA,NA,NA,NA,NA,NA,NA,NA,NA,NA,NA,NA,NA,NA
FI,FI1DB,NUTS3,11,NA,NA,NA,NA,NA,NA,NA,NA,NA,NA,NA,NA,NA,NA,NA,NA,NA,NA,NA,NA,NA,NA,NA,NA,NA,NA,NA,NA,NA,NA,NA,NA,NA,NA,NA,NA,NA,NA,NA,NA,NA,NA,NA,NA,NA,NA,NA,NA
FI,FI1DC,NUTS3,11,NA,NA,NA,NA,NA,NA,NA,NA,NA,NA,NA,NA,NA,NA,NA,NA,NA,NA,NA,NA,NA,NA,NA,NA,NA,NA,NA,NA,NA,NA,NA,NA,NA,NA,NA,NA,NA,NA,NA,NA,NA,NA,NA,NA,NA,NA,NA,NA
HR,HR,national,23,NA,NA,NA,NA,NA,NA,NA,16,21,NA,NA,NA,NA,23,NA,NA,NA,NA,NA,NA,19,NA,NA,NA,NA,NA,NA,NA,NA,NA,NA,NA,NA,NA,NA,NA,NA,NA,NA,NA,NA,23,NA,NA,NA,NA,NA,NA
HU,HU,national,23,NA,NA,NA,NA,NA,NA,NA,23,NA,NA,NA,NA,NA,NA,NA,NA,NA,NA,NA,NA,NA,NA,NA,NA,NA,NA,NA,NA,NA,NA,NA,NA,NA,NA,NA,NA,NA,NA,NA,NA,NA,NA,NA,NA,NA,NA,NA,NA
IT,IT,national,23,NA,NA,NA,NA,NA,NA,NA,NA,NA,NA,4,NA,NA,NA,NA,NA,NA,NA,NA,NA,NA,NA,NA,NA,NA,NA,NA,NA,NA,NA,NA,NA,NA,NA,NA,NA,NA,NA,NA,NA,NA,NA,NA,NA,NA,NA,NA,NA
LT,LT,national,23,4,18,21,7,3,15,NA,8,6,NA,19,3,NA,NA,5,NA,NA,NA,NA,NA,NA,7,NA,NA,NA,NA,NA,NA,NA,NA,19,NA,NA,20,NA,NA,1,NA,NA,NA,NA,NA,5,NA,NA,NA,NA,NA
PL,BIA,NUTS2,20,19,10,7,15,10,15,20,NA,18,20,NA,11,8,NA,2,NA,NA,NA,NA,NA,NA,NA,NA,NA,NA,NA,NA,NA,NA,NA,NA,NA,NA,NA,NA,NA,NA,NA,NA,NA,NA,NA,NA,NA,NA,NA,NA,NA
PL,GDA,NUTS2,20,20,18,4,19,17,1,20,NA,8,15,NA,15,8,NA,11,NA,NA,NA,NA,NA,NA,NA,NA,NA,NA,NA,NA,NA,NA,NA,NA,NA,NA,NA,NA,NA,NA,NA,NA,NA,NA,NA,NA,NA,NA,NA,NA,NA
PL,KAT,NUTS2,20,20,11,4,11,14,12,20,NA,9,19,NA,3,6,NA,0,NA,NA,NA,NA,NA,NA,NA,NA,NA,NA,NA,NA,NA,NA,NA,NA,NA,NA,NA,NA,NA,NA,NA,NA,NA,NA,NA,NA,NA,NA,NA,NA,NA
PL,KRA,NUTS2,20,5,14,3,0,0,10,20,NA,5,8,NA,0,0,NA,0,NA,NA,NA,NA,NA,NA,NA,NA,NA,NA,NA,NA,NA,NA,NA,NA,NA,NA,NA,NA,NA,NA,NA,NA,NA,NA,NA,NA,NA,NA,NA,NA,NA
PL,KRO,NUTS2,20,6,8,6,3,1,10,20,NA,10,17,NA,0,0,NA,0,NA,NA,NA,NA,NA,NA,NA,NA,NA,NA,NA,NA,NA,NA,NA,NA,NA,NA,NA,NA,NA,NA,NA,NA,NA,NA,NA,NA,NA,NA,NA,NA,NA
PL,LOD,NUTS2,20,20,0,6,17,14,12,20,NA,7,19,NA,8,7,NA,12,NA,NA,NA,NA,NA,NA,NA,NA,NA,NA,NA,NA,NA,NA,NA,NA,NA,NA,NA,NA,NA,NA,NA,NA,NA,NA,NA,NA,NA,NA,NA,NA,NA
PL,LUB,NUTS2,20,19,11,8,12,7,8,20,NA,14,20,NA,7,1,NA,10,NA,NA,NA,NA,NA,NA,NA,NA,NA,NA,NA,NA,NA,NA,NA,NA,NA,NA,NA,NA,NA,NA,NA,NA,NA,NA,NA,NA,NA,NA,NA,NA,NA
PL,OLS,NUTS2,20,14,11,6,18,16,14,20,NA,15,17,NA,15,9,NA,7,NA,NA,NA,NA,NA,NA,NA,NA,NA,NA,NA,NA,NA,NA,NA,NA,NA,NA,NA,NA,NA,NA,NA,NA,NA,NA,NA,NA,NA,NA,NA,NA,NA
PL,PIL,NUTS2,20,20,0,5,19,15,8,20,NA,11,16,NA,9,9,NA,14,NA,NA,NA,NA,NA,NA,NA,NA,NA,NA,NA,NA,NA,NA,NA,NA,NA,NA,NA,NA,NA,NA,NA,NA,NA,NA,NA,NA,NA,NA,NA,NA,NA
PL,POZ,NUTS2,20,20,10,5,20,20,15,20,NA,20,20,NA,8,7,NA,15,NA,NA,NA,NA,NA,NA,NA,NA,NA,NA,NA,NA,NA,NA,NA,NA,NA,NA,NA,NA,NA,NA,NA,NA,NA,NA,NA,NA,NA,NA,NA,NA,NA
PL,RAD,NUTS2,20,11,12,7,9,5,6,20,NA,8,19,NA,3,0,NA,3,NA,NA,NA,NA,NA,NA,NA,NA,NA,NA,NA,NA,NA,NA,NA,NA,NA,NA,NA,NA,NA,NA,NA,NA,NA,NA,NA,NA,NA,NA,NA,NA,NA
PL,SZ1,NUTS2,20,20,1,5,15,14,16,20,NA,10,19,NA,7,8,NA,15,NA,NA,NA,NA,NA,NA,NA,NA,NA,NA,NA,NA,NA,NA,NA,NA,NA,NA,NA,NA,NA,NA,NA,NA,NA,NA,NA,NA,NA,NA,NA,NA,NA
PL,SZ2,NUTS2,20,20,9,0,18,11,5,20,NA,7,14,NA,11,10,NA,2,NA,NA,NA,NA,NA,NA,NA,NA,NA,NA,NA,NA,NA,NA,NA,NA,NA,NA,NA,NA,NA,NA,NA,NA,NA,NA,NA,NA,NA,NA,NA,NA,NA
PL,TOR,NUTS2,20,20,19,5,19,19,11,20,NA,14,19,NA,15,10,NA,16,NA,NA,NA,NA,NA,NA,NA,NA,NA,NA,NA,NA,NA,NA,NA,NA,NA,NA,NA,NA,NA,NA,NA,NA,NA,NA,NA,NA,NA,NA,NA,NA,NA
PL,WAR,NUTS2,20,18,4,7,14,11,16,20,NA,18,20,NA,15,8,NA,3,NA,NA,NA,NA,NA,NA,NA,NA,NA,NA,NA,NA,NA,NA,NA,NA,NA,NA,NA,NA,NA,NA,NA,NA,NA,NA,NA,NA,NA,NA,NA,NA,NA
PL,WRO,NUTS2,20,20,1,2,16,18,16,20,NA,16,20,NA,14,6,NA,8,NA,NA,NA,NA,NA,NA,NA,NA,NA,NA,NA,NA,NA,NA,NA,NA,NA,NA,NA,NA,NA,NA,NA,NA,NA,NA,NA,NA,NA,NA,NA,NA,NA
PL,ZIE,NUTS2,20,20,0,6,19,15,15,20,NA,15,18,NA,9,7,NA,20,NA,NA,NA,NA,NA,NA,NA,NA,NA,NA,NA,NA,NA,NA,NA,NA,NA,NA,NA,NA,NA,NA,NA,NA,NA,NA,NA,NA,NA,NA,NA,NA,NA
RO,RO,national,22,NA,NA,NA,NA,NA,21,NA,21,17,NA,NA,NA,NA,NA,NA,NA,NA,NA,NA,NA,NA,NA,NA,NA,NA,7,NA,NA,NA,NA,NA,NA,NA,NA,NA,NA,NA,NA,NA,NA,NA,NA,NA,NA,NA,NA,4,NA
RS,RS,national,20,NA,NA,NA,NA,NA,NA,NA,14,NA,NA,NA,NA,NA,NA,NA,NA,NA,NA,NA,NA,NA,NA,NA,NA,NA,NA,NA,NA,NA,NA,NA,NA,NA,NA,NA,NA,NA,NA,NA,NA,NA,NA,NA,NA,NA,NA,NA,NA
SE,SE,national,13,NA,NA,NA,NA,NA,NA,NA,NA,NA,NA,NA,NA,NA,NA,NA,NA,NA,NA,NA,NA,NA,NA,NA,NA,NA,NA,NA,NA,NA,NA,NA,NA,NA,NA,NA,NA,NA,NA,NA,NA,NA,NA,NA,NA,NA,NA,NA,NA
SI,SI,national,23,NA,NA,NA,NA,NA,NA,NA,NA,NA,NA,9,NA,NA,23,NA,NA,NA,NA,NA,NA,NA,NA,NA,NA,NA,NA,NA,NA,NA,NA,NA,NA,NA,NA,NA,NA,NA,NA,NA,NA,23,NA,NA,NA,NA,NA,NA,NA
SK,SK,national,22,NA,NA,22,NA,NA,NA,NA,12,NA,NA,22,NA,NA,NA,NA,NA,NA,NA,NA,NA,NA,NA,NA,NA,NA,21,NA,NA,NA,NA,NA,NA,NA,NA,NA,NA,NA,NA,NA,NA,NA,NA,NA,NA,NA,NA,NA,NA
