species_a,species_b,paper_value,r_ours,r2_ours,p_ours,r_ours_detrended,abs_diff_paper_vs_r2,abs_diff_paper_vs_r,sign_hidden_in_paper
ips_typ,pha_cya,0.73,0.848803899626196,0.7204680600206373,3.071286456976274e-7,0.8076011098121942,0.010000000000000009,0.12,FALSE
ips_typ,tom_spp,0.01,0.08144014055820728,0.006632496494140558,0.7118244682127953,0.5401243308602429,0,0.07,FALSE
pha_cya,tom_spp,0.15,0.38179499867870814,0.14576742101607476,0.0722211145525577,0.7411380536861392,0,0.23,FALSE
ips_typ,ips_acu,0.68,0.8147568508460235,0.6638287260005293,2.2100160295121987e-6,0.6503871074317142,0.020000000000000018,0.13,FALSE
pha_cya,ips_acu,0.36,0.5978921731305709,0.3574750506907965,0.002585638877051038,0.4144001270940025,0,0.24,FALSE
tom_spp,ips_acu,0.01,-0.11693419972072652,0.013673607064326758,0.5951750118853929,0.29966663803353644,0,0.13,FALSE
ips_typ,pit_cha,0.34,0.5844685146894814,0.3416034446633285,0.0034029972809323052,0.6127944742230933,0,0.23999999999999994,FALSE
pha_cya,pit_cha,0.23,0.4748001072429342,0.2254351418379018,0.02205966525390025,0.4386076564167476,0,0.23999999999999996,FALSE
tom_spp,pit_cha,0.2,0.4422250327458087,0.1955629795870316,0.03460920368502733,0.5986551732554287,0,0.24,FALSE
ips_acu,pit_cha,0.28,0.5252079848702561,0.27584342737147516,0.010069158909777064,0.5541364236354667,0,0.25,FALSE
ips_typ,tor_vir,0.07,-0.2821127285279145,0.0795875915974648,0.19216682604302365,0.04172896523703346,0.009999999999999995,0.35000000000000003,FALSE
pha_cya,tor_vir,0,-0.02874933218456338,8.265241010583719e-4,0.8963967297870583,0.2523078743640574,0,0.03,FALSE
tom_spp,tor_vir,0.44,0.6649912719945886,0.44221339182898095,5.362638796294053e-4,0.5821404615915605,0,0.22000000000000003,FALSE
ips_acu,tor_vir,0.17,-0.4174031275566169,0.1742253708940454,0.04751454009093909,-0.13494222543238438,0,0.59,FALSE
pit_cha,tor_vir,0.01,0.08534198572278043,0.007283254527107258,0.6986311035784889,0.2088595213710147,0,0.08,FALSE
ips_typ,geo_db,0.02,-0.1515609442664432,0.022970719826935902,0.48998624645141775,0.11685215548623794,0,0.16999999999999998,FALSE
pha_cya,geo_db,0,0.0615782044901334,0.0037918752682286846,0.780156920985275,0.2810404955250884,0,0.06,FALSE
tom_spp,geo_db,0.38,0.6162397552214947,0.37975143591544763,0.0017414306113087503,0.5505038129091574,0,0.24,FALSE
ips_acu,geo_db,0.07,-0.26198742916492296,0.06863741304044553,0.22719617053771712,-0.01568806337522157,0,0.33,FALSE
pit_cha,geo_db,0.15,0.3864778512767645,0.1493651295275049,0.06850822858377073,0.5002824592907821,0,0.24000000000000002,FALSE
tor_vir,geo_db,0.19,0.430523139353686,0.18535017351895336,0.04029469283122846,0.32174811747486876,0,0.24,FALSE
ips_typ,lym_dis,0.03,-0.1955253785655106,0.038230173663186234,0.3712748786955873,-0.023936991374198878,0.010000000000000002,0.23,FALSE
pha_cya,lym_dis,0,0.05320993715261054,0.0028312974117847634,0.809457830007909,0.21593744370780146,0,0.05,FALSE
tom_spp,lym_dis,0.34,0.5855133775426319,0.34282591528138057,0.0033324067181825768,0.5405052160558719,0,0.24999999999999994,FALSE
ips_acu,lym_dis,0.06,-0.23480815291013063,0.055134868673067286,0.2808241044731573,-0.06321276560140585,0,0.29000000000000004,FALSE
pit_cha,lym_dis,0.06,0.24996451228391375,0.06248225740133487,0.250015365340303,0.3233913695262394,0,0.19,FALSE
tor_vir,lym_dis,0.31,0.5545790026994933,0.3075578702351646,0.006026953993693327,0.5038135980895488,0,0.24000000000000005,FALSE
geo_db,lym_dis,0.61,0.7788657210325515,0.6066318113995562,1.1968750428996253e-5,0.7589910994052615,0,0.17000000000000004,FALSE
ips_typ,lym_mon,0.01,0.11846230940988155,0.01403331875072251,0.5903390635735999,0.27467925423954115,0,0.11,FALSE
pha_cya,lym_mon,0.01,0.07214325063147699,0.005204648611676105,0.7435778946110716,0.1540543139649013,0,0.060000000000000005,FALSE
tom_spp,lym_mon,0.2,0.4439071945519985,0.19705359737502584,0.033846937155604453,0.4338574614949941,0,0.24,FALSE
ips_acu,lym_mon,0,0.0653642253301793,0.004272481953014453,0.7669923976327895,0.22724975279732493,0,0.07,FALSE
pit_cha,lym_mon,0.39,0.6255385419877421,0.39129846751215014,0.001412040409482756,0.6714886045697649,0,0.24,FALSE
tor_vir,lym_mon,0.02,0.13032621281883425,0.016984921747700076,0.553379089752104,0.08017962900251363,0,0.11,FALSE
geo_db,lym_mon,0.56,0.7467625972447709,0.557654376643756,4.256250972887028e-5,0.7556972350092663,0,0.18999999999999995,FALSE
lym_dis,lym_mon,0.2,0.4438273715108139,0.19698273570219804,0.0338828057296568,0.42846515239660915,0,0.24,FALSE
