country,nuts_id,nuts_level,unit,rank_in_region,species,total_damage,pct_of_region_unit_total,years_with_damage,years_monitored,first_year,last_year,peak_year,usable_series
AT,AT11,NUTS2,ha,1,Def_dec&DB,794.3,50.19590495449949,18,21,2002,2022,2012,TRUE
AT,AT11,NUTS2,ha,2,lym_dis,787.4000000000001,49.7598584428716,10,21,2002,2022,2005,TRUE
AT,AT11,NUTS2,ha,3,dip_sp,0.7,0.0442366026289181,3,21,2002,2022,2005,FALSE
AT,AT11,NUTS2,m3,1,ips_typ,1323479,69.59883928223974,21,21,2002,2022,2005,TRUE
AT,AT11,NUTS2,m3,2,pit_cha,417894,21.9761230386068,21,21,2002,2022,2016,TRUE
AT,AT11,NUTS2,m3,3,tom_spp,89899,4.727589975083903,21,21,2002,2022,2021,TRUE
AT,AT11,NUTS2,m3,4,CambXyl_con&BB_con&BO,49710,2.6141391746451115,21,21,2002,2022,2019,TRUE
AT,AT11,NUTS2,m3,5,pha_cya,19970,1.050178220029428,10,21,2002,2022,2005,TRUE
AT,AT11,NUTS2,m3,6,tet_gab,630,0.033130309395019514,5,21,2002,2022,2009,FALSE
AT,AT11,NUTS2,m3,7,pit_spp,0,0,0,21,2002,2022,NA,FALSE
AT,AT12,NUTS2,ha,1,lym_dis,8172.8,69.12277140633987,9,21,2002,2022,2018,TRUE
AT,AT12,NUTS2,ha,2,Def_dec&DB,3609.7,30.529618728644405,9,21,2002,2022,2005,TRUE
AT,AT12,NUTS2,ha,3,dip_sp,41.1,0.3476098650157312,10,21,2002,2022,2008,TRUE
AT,AT12,NUTS2,m3,1,ips_typ,13250850,81.60317977031133,21,21,2002,2022,2018,TRUE
AT,AT12,NUTS2,m3,2,pit_cha,2027124,12.483709663056528,21,21,2002,2022,2015,TRUE
AT,AT12,NUTS2,m3,3,CambXyl_con&BB_con&BO,534175,3.2896288580586193,21,21,2002,2022,2019,TRUE
AT,AT12,NUTS2,m3,4,tom_spp,323705,1.9934839883893205,21,21,2002,2022,2018,TRUE
AT,AT12,NUTS2,m3,5,pit_spp,62772,0.38657103510657675,21,21,2002,2022,2018,TRUE
AT,AT12,NUTS2,m3,6,pha_cya,35838,0.22070242713549829,21,21,2002,2022,2018,TRUE
AT,AT12,NUTS2,m3,7,tet_gab,3690,0.02272425794212815,15,21,2002,2022,2020,TRUE
AT,AT13,NUTS2,ha,1,Def_dec&DB,40,100,1,21,2002,2022,2015,FALSE
AT,AT13,NUTS2,ha,2,dip_sp,0,0,0,21,2002,2022,NA,FALSE
AT,AT13,NUTS2,ha,2,lym_dis,0,0,0,21,2002,2022,NA,FALSE
AT,AT13,NUTS2,m3,1,ips_typ,2262,61.78639715924611,20,21,2002,2022,2018,TRUE
AT,AT13,NUTS2,m3,2,pit_cha,929,25.37558044250205,17,21,2002,2022,2019,TRUE
AT,AT13,NUTS2,m3,3,tom_spp,290,7.9213329691341166,4,21,2002,2022,2019,FALSE
AT,AT13,NUTS2,m3,4,CambXyl_con&BB_con&BO,180,4.916689429117727,1,21,2002,2022,2019,FALSE
AT,AT13,NUTS2,m3,5,pha_cya,0,0,0,21,2002,2022,NA,FALSE
AT,AT13,NUTS2,m3,5,pit_spp,0,0,0,21,2002,2022,NA,FALSE
AT,AT13,NUTS2,m3,5,tet_gab,0,0,0,21,2002,2022,NA,FALSE
AT,AT21,NUTS2,ha,1,dip_sp,5921.3,92.8336259877085,21,21,2002,2022,2002,TRUE
AT,AT21,NUTS2,ha,2,Def_dec&DB,407.4,6.387181738366988,19,21,2002,2022,2004,TRUE
AT,AT21,NUTS2,ha,3,lym_dis,49.7,0.7791922739244951,11,21,2002,2022,2004,TRUE
AT,AT21,NUTS2,m3,1,ips_typ,4314443,88.06117929448072,21,21,2002,2022,2022,TRUE
AT,AT21,NUTS2,m3,2,pit_cha,489794,9.997081257386153,21,21,2002,2022,2013,TRUE
AT,AT21,NUTS2,m3,3,tom_spp,43600,0.8899103354104712,21,21,2002,2022,2002,TRUE
AT,AT21,NUTS2,m3,4,CambXyl_con&BB_con&BO,27664,0.564644025660442,21,21,2002,2022,2012,TRUE
AT,AT21,NUTS2,m3,5,pit_spp,9091,0.185554469248087,21,21,2002,2022,2017,TRUE
AT,AT21,NUTS2,m3,6,pha_cya,7773,0.15865305131067872,16,21,2002,2022,2014,TRUE
AT,AT21,NUTS2,m3,7,tet_gab,7005,0.1429775665034484,17,21,2002,2022,2020,TRUE
AT,AT22,NUTS2,ha,1,lym_dis,40.8,37.95348837209302,5,21,2002,2022,2008,FALSE
AT,AT22,NUTS2,ha,2,Def_dec&DB,38.2,35.53488372093024,8,21,2002,2022,2020,TRUE
AT,AT22,NUTS2,ha,3,dip_sp,28.5,26.511627906976745,6,21,2002,2022,2008,TRUE
AT,AT22,NUTS2,m3,1,ips_typ,8604750,81.54238901218262,21,21,2002,2022,2010,TRUE
AT,AT22,NUTS2,m3,2,pit_cha,1535705,14.5530148485376,21,21,2002,2022,2006,TRUE
AT,AT22,NUTS2,m3,3,tom_spp,291212,2.7596527719010693,21,21,2002,2022,2003,TRUE
AT,AT22,NUTS2,m3,4,tet_gab,72000,0.6823036124090937,21,21,2002,2022,2018,TRUE
AT,AT22,NUTS2,m3,5,pit_spp,25644,0.2430138032863722,21,21,2002,2022,2006,TRUE
AT,AT22,NUTS2,m3,6,CambXyl_con&BB_con&BO,15900,0.15067538107367487,18,21,2002,2022,2004,TRUE
AT,AT22,NUTS2,m3,7,pha_cya,7276,0.06895057060956342,17,21,2002,2022,2004,TRUE
AT,AT31,NUTS2,ha,1,Def_dec&DB,427.09999999999997,86.31770412287794,17,21,2002,2022,2013,TRUE
AT,AT31,NUTS2,ha,2,lym_dis,67.7,13.68229587712207,11,21,2002,2022,2004,TRUE
AT,AT31,NUTS2,ha,3,dip_sp,0,0,0,21,2002,2022,NA,FALSE
AT,AT31,NUTS2,m3,1,ips_typ,8389489,86.77536348059289,21,21,2002,2022,2018,TRUE
AT,AT31,NUTS2,m3,2,pit_cha,1160180,12.000139841999227,21,21,2002,2022,2015,TRUE
AT,AT31,NUTS2,m3,3,pit_spp,57353,0.5932217590013461,21,21,2002,2022,2020,TRUE
AT,AT31,NUTS2,m3,4,tom_spp,40158,0.4153679737411479,21,21,2002,2022,2008,TRUE
AT,AT31,NUTS2,m3,5,CambXyl_con&BB_con&BO,19724,0.20401210005653672,20,21,2002,2022,2004,TRUE
AT,AT31,NUTS2,m3,6,tet_gab,1000,0.010343343138133072,18,21,2002,2022,2020,TRUE
AT,AT31,NUTS2,m3,7,pha_cya,150,0.001551501470719961,5,21,2002,2022,2012,FALSE
AT,AT32,NUTS2,ha,1,Def_dec&DB,0,NA,0,21,2002,2022,NA,FALSE
AT,AT32,NUTS2,ha,1,dip_sp,0,NA,0,21,2002,2022,NA,FALSE
AT,AT32,NUTS2,ha,1,lym_dis,0,NA,0,21,2002,2022,NA,FALSE
AT,AT32,NUTS2,m3,1,ips_typ,3313714,90.24236277837569,21,21,2002,2022,2005,TRUE
AT,AT32,NUTS2,m3,2,pit_cha,355312,9.676210561174026,21,21,2002,2022,2010,TRUE
AT,AT32,NUTS2,m3,3,pit_spp,2640,0.07189511156814131,10,21,2002,2022,2016,TRUE
AT,AT32,NUTS2,m3,4,tet_gab,350,0.009531548882139947,1,21,2002,2022,2020,FALSE
AT,AT32,NUTS2,m3,5,CambXyl_con&BB_con&BO,0,0,0,21,2002,2022,NA,FALSE
AT,AT32,NUTS2,m3,5,pha_cya,0,0,0,21,2002,2022,NA,FALSE
AT,AT32,NUTS2,m3,5,tom_spp,0,0,0,21,2002,2022,NA,FALSE
AT,AT33,NUTS2,ha,1,lym_dis,0.2,100,1,21,2002,2022,2020,FALSE
AT,AT33,NUTS2,ha,2,Def_dec&DB,0,0,0,21,2002,2022,NA,FALSE
AT,AT33,NUTS2,ha,2,dip_sp,0,0,0,21,2002,2022,NA,FALSE
AT,AT33,NUTS2,m3,1,ips_typ,2829219,95.98746458000846,21,21,2002,2022,2022,TRUE
AT,AT33,NUTS2,m3,2,pit_cha,99729,3.383525225547992,21,21,2002,2022,2022,TRUE
AT,AT33,NUTS2,m3,3,tom_spp,9960,0.3379148617398951,21,21,2002,2022,2022,TRUE
AT,AT33,NUTS2,m3,4,pit_spp,4756,0.1613577392002953,19,21,2002,2022,2022,TRUE
AT,AT33,NUTS2,m3,5,CambXyl_con&BB_con&BO,3382,0.1147417733337676,15,21,2002,2022,2022,TRUE
AT,AT33,NUTS2,m3,6,pha_cya,442,0.01499582016958169,6,21,2002,2022,2005,TRUE
AT,AT33,NUTS2,m3,7,tet_gab,0,0,0,21,2002,2022,NA,FALSE
AT,AT34,NUTS2,ha,1,dip_sp,1.3,100,3,21,2002,2022,2010,FALSE
AT,AT34,NUTS2,ha,2,Def_dec&DB,0,0,0,21,2002,2022,NA,FALSE
AT,AT34,NUTS2,ha,2,lym_dis,0,0,0,21,2002,2022,NA,FALSE
AT,AT34,NUTS2,m3,1,ips_typ,483896,85.36022170203233,21,21,2002,2022,2020,TRUE
AT,AT34,NUTS2,m3,2,pit_cha,47984,8.464473519413922,21,21,2002,2022,2004,TRUE
AT,AT34,NUTS2,m3,3,pit_spp,32688,5.766228542901848,21,21,2002,2022,2019,TRUE
AT,AT34,NUTS2,m3,4,tom_spp,2166,0.3820867298068222,20,21,2002,2022,2005,TRUE
AT,AT34,NUTS2,m3,5,CambXyl_con&BB_con&BO,152,0.026813103846092784,2,21,2002,2022,2004,FALSE
AT,AT34,NUTS2,m3,6,pha_cya,1,1.7640199898745251e-4,1,21,2002,2022,2015,FALSE
AT,AT34,NUTS2,m3,7,tet_gab,0,0,0,21,2002,2022,NA,FALSE
BG,BG,national,ha,1,lym_dis,167910.90909090915,56.05387426101946,11,18,2005,2022,2011,TRUE
BG,BG,national,ha,2,tha_pit,73180.00000000001,24.429755878461222,18,18,2005,2022,2006,TRUE
BG,BG,national,ha,3,neo_ser,37314.545454545456,12.456753705524596,16,18,2005,2022,2010,TRUE
BG,BG,national,ha,4,geo_db,18716.36363636362,6.2481032326984405,12,18,2005,2022,2009,TRUE
BG,BG,national,ha,5,tor_vir,2430.909090909095,0.8115129222962731,8,23,2000,2022,2017,TRUE
BG,BG,national,m3,1,ips_acu,1566100,58.58379969931895,18,18,2005,2022,2017,TRUE
BG,BG,national,m3,2,ips_typ,892864.636363637,33.39978482557471,18,18,2005,2022,2014,TRUE
BG,BG,national,m3,3,ips_sex,214299.99999999985,8.016415475106342,15,18,2005,2022,2017,TRUE
CH,CH,national,m3,1,ips_typ,13984809,100,23,23,2000,2022,2003,TRUE
CZ,CZ01,NUTS2,ha,1,Def_dec&DB,1470.0000000000011,75.00000000000001,11,23,2000,2022,2003,TRUE
CZ,CZ01,NUTS2,ha,2,pri_abi,489.85714285714283,24.992711370262374,10,23,2000,2022,2000,TRUE
CZ,CZ01,NUTS2,ha,3,lym_dis,0.142857142857143,0.007288629737609332,1,23,2000,2022,2019,FALSE
CZ,CZ01,NUTS2,ha,4,cep_spp,0,0,0,23,2000,2022,NA,FALSE
CZ,CZ01,NUTS2,ha,4,lym_mon,0,0,0,23,2000,2022,NA,FALSE
CZ,CZ01,NUTS2,ha,4,neo_ser,0,0,0,23,2000,2022,NA,FALSE
CZ,CZ01,NUTS2,ha,4,pan_fla,0,0,0,23,2000,2022,NA,FALSE
CZ,CZ01,NUTS2,ha,4,zei_gri,0,0,0,23,2000,2022,NA,FALSE
CZ,CZ01,NUTS2,m3,1,ips_typ,81945.71428571422,94.64895635673624,23,23,2000,2022,2020,TRUE
CZ,CZ01,NUTS2,m3,2,ips_dup,1582.8571428571424,1.8282319940598968,6,23,2000,2022,2019,TRUE
CZ,CZ01,NUTS2,m3,3,pol_pol,1068.5714285714282,1.234221598877981,7,23,2000,2022,2021,TRUE
CZ,CZ01,NUTS2,m3,4,CambXyl_con&MD,991.4285714285714,1.145120039600694,2,23,2000,2022,2021,FALSE
CZ,CZ01,NUTS2,m3,5,pha_cya,594.2857142857146,0.6864120122102145,2,23,2000,2022,2021,FALSE
CZ,CZ01,NUTS2,m3,6,pit_spp,235.7142857142852,0.27225476445837765,5,23,2000,2022,2019,FALSE
CZ,CZ01,NUTS2,m3,7,tom_spp,104.28571428571432,0.12045210791188858,8,23,2000,2022,2022,TRUE
CZ,CZ01,NUTS2,m3,8,ips_acu,25.71428571428573,0.029700519759095823,3,23,2000,2022,2021,FALSE
CZ,CZ01,NUTS2,m3,9,sco_rat,14.28571428571429,0.01650028875505323,2,23,2000,2022,2022,FALSE
CZ,CZ01,NUTS2,m3,10,ips_sex,12.8571428571429,0.014850259879547955,1,23,2000,2022,2017,FALSE
CZ,CZ01,NUTS2,m3,11,sco_int,2.85714285714286,0.0033000577510106485,1,23,2000,2022,2021,FALSE
CZ,CZ01,NUTS2,m3,12,den_mic,0,0,0,23,2000,2022,NA,FALSE
CZ,CZ01,NUTS2,m3,12,tet_gab,0,0,0,23,2000,2022,NA,FALSE
CZ,CZ02,NUTS2,ha,1,lym_mon,11706.228571428579,59.922018509635095,20,23,2000,2022,2010,TRUE
CZ,CZ02,NUTS2,ha,2,Def_dec&DB,4961.285714285712,25.39590377797796,16,23,2000,2022,2004,TRUE
CZ,CZ02,NUTS2,ha,3,pri_abi,1941.2571428571434,9.936936199089729,23,23,2000,2022,2001,TRUE
CZ,CZ02,NUTS2,ha,4,lym_dis,489.5714285714285,2.5060255765248205,2,23,2000,2022,2019,FALSE
CZ,CZ02,NUTS2,ha,5,cep_spp,303.7142857142857,1.5546572441470001,20,23,2000,2022,2007,TRUE
CZ,CZ02,NUTS2,ha,6,zei_gri,133.71428571428575,0.6844586926253963,17,23,2000,2022,2006,TRUE
CZ,CZ02,NUTS2,ha,7,neo_ser,0,0,0,23,2000,2022,NA,FALSE
CZ,CZ02,NUTS2,ha,7,pan_fla,0,0,0,23,2000,2022,NA,FALSE
CZ,CZ02,NUTS2,m3,1,ips_typ,8442345.714285715,94.16027527695314,23,23,2000,2022,2020,TRUE
CZ,CZ02,NUTS2,m3,2,ips_dup,168190,1.8758787231411858,20,23,2000,2022,2020,TRUE
CZ,CZ02,NUTS2,m3,3,pit_spp,153911.42857142855,1.7166250912979797,22,23,2000,2022,2020,TRUE
CZ,CZ02,NUTS2,m3,4,pol_pol,65920.00000000001,0.735227572563571,20,23,2000,2022,2021,TRUE
CZ,CZ02,NUTS2,m3,5,ips_acu,47275.714285714246,0.5272816847010712,21,23,2000,2022,2022,TRUE
CZ,CZ02,NUTS2,m3,6,tom_spp,43128.57142857143,0.48102722814871274,23,23,2000,2022,2020,TRUE
CZ,CZ02,NUTS2,m3,7,pha_cya,20038.571428571424,0.22349681779536246,20,23,2000,2022,2021,TRUE
CZ,CZ02,NUTS2,m3,8,CambXyl_con&MD,12931.428571428574,0.14422850179536764,22,23,2000,2022,2021,TRUE
CZ,CZ02,NUTS2,m3,9,ips_sex,10605.714285714284,0.11828904080079639,22,23,2000,2022,2021,TRUE
CZ,CZ02,NUTS2,m3,10,sco_rat,1091.4285714285706,0.012173064004823328,16,23,2000,2022,2022,TRUE
CZ,CZ02,NUTS2,m3,11,sco_int,492.85714285714255,0.005496998797989592,16,23,2000,2022,2021,TRUE
CZ,CZ02,NUTS2,m3,12,den_mic,0,0,0,23,2000,2022,NA,FALSE
CZ,CZ02,NUTS2,m3,12,tet_gab,0,0,0,23,2000,2022,NA,FALSE
CZ,CZ03,NUTS2,ha,1,lym_mon,7834.285714285711,67.86994316944218,16,23,2000,2022,2002,TRUE
CZ,CZ03,NUTS2,ha,2,cep_spp,1729.8571428571424,14.986089384368626,13,23,2000,2022,2006,TRUE
CZ,CZ03,NUTS2,ha,3,pri_abi,1583.0857142857144,13.714579909308732,10,23,2000,2022,2006,TRUE
CZ,CZ03,NUTS2,ha,4,Def_dec&DB,354.85714285714255,3.0741965505633533,8,23,2000,2022,2021,TRUE
CZ,CZ03,NUTS2,ha,5,zei_gri,32.428571428571416,0.28093503098948536,5,23,2000,2022,2006,FALSE
CZ,CZ03,NUTS2,ha,6,lym_dis,8.57142857142857,0.07425595532761728,1,23,2000,2022,2019,FALSE
CZ,CZ03,NUTS2,ha,7,neo_ser,0,0,0,23,2000,2022,NA,FALSE
CZ,CZ03,NUTS2,ha,7,pan_fla,0,0,0,23,2000,2022,NA,FALSE
CZ,CZ03,NUTS2,m3,1,ips_typ,24602520.000000004,99.11608101316878,23,23,2000,2022,2019,TRUE
CZ,CZ03,NUTS2,m3,2,ips_dup,110734.28571428578,0.44611480587324087,22,23,2000,2022,2019,TRUE
CZ,CZ03,NUTS2,m3,3,tom_spp,40910,0.16481396516489913,23,23,2000,2022,2020,TRUE
CZ,CZ03,NUTS2,m3,4,pol_pol,23958.571428571435,0.09652180779343242,23,23,2000,2022,2016,TRUE
CZ,CZ03,NUTS2,m3,5,ips_acu,17732.857142857134,0.071440295756954,23,23,2000,2022,2020,TRUE
CZ,CZ03,NUTS2,m3,6,pit_spp,9884.28571428572,0.03982078517218765,21,23,2000,2022,2020,TRUE
CZ,CZ03,NUTS2,m3,7,pha_cya,8114.2857142857165,0.03268999274144035,21,23,2000,2022,2022,TRUE
CZ,CZ03,NUTS2,m3,8,ips_sex,6121.428571428571,0.02466137656638589,21,23,2000,2022,2004,TRUE
CZ,CZ03,NUTS2,m3,9,CambXyl_con&MD,1565.714285714287,0.006307787331799057,20,23,2000,2022,2022,TRUE
CZ,CZ03,NUTS2,m3,10,sco_int,291.42857142857156,0.0011740772040939847,13,23,2000,2022,2001,TRUE
CZ,CZ03,NUTS2,m3,11,sco_rat,92.85714285714297,3.7409322679465227e-4,11,23,2000,2022,2017,TRUE
CZ,CZ03,NUTS2,m3,12,den_mic,0,0,0,23,2000,2022,NA,FALSE
CZ,CZ03,NUTS2,m3,12,tet_gab,0,0,0,23,2000,2022,NA,FALSE
CZ,CZ04,NUTS2,ha,1,lym_mon,488.7142857142856,47.156937073540554,5,23,2000,2022,2009,FALSE
CZ,CZ04,NUTS2,ha,2,cep_spp,257.2999999999999,24.827348542284092,3,23,2000,2022,2004,FALSE
CZ,CZ04,NUTS2,ha,3,Def_dec&DB,181.4857142857143,17.51188917223793,8,23,2000,2022,2000,TRUE
CZ,CZ04,NUTS2,ha,4,zei_gri,107.99999999999999,10.421117926804053,5,23,2000,2022,2015,FALSE
CZ,CZ04,NUTS2,ha,5,lym_dis,0.8571428571428579,0.08270728513336559,1,23,2000,2022,2019,FALSE
CZ,CZ04,NUTS2,ha,6,neo_ser,0,0,0,23,2000,2022,NA,FALSE
CZ,CZ04,NUTS2,ha,6,pan_fla,0,0,0,23,2000,2022,NA,FALSE
CZ,CZ04,NUTS2,ha,6,pri_abi,0,0,0,23,2000,2022,NA,FALSE
CZ,CZ04,NUTS2,m3,1,ips_typ,6977270.000000004,99.65462263334787,23,23,2000,2022,2020,TRUE
CZ,CZ04,NUTS2,m3,2,CambXyl_con&MD,9941.42857142857,0.14199096677097148,15,23,2000,2022,2020,TRUE
CZ,CZ04,NUTS2,m3,3,tom_spp,5892.85714285714,0.08416622186093652,23,23,2000,2022,2020,TRUE
CZ,CZ04,NUTS2,m3,4,ips_acu,2827.1428571428564,0.040379382560677184,15,23,2000,2022,2020,TRUE
CZ,CZ04,NUTS2,m3,5,ips_sex,2238.571428571428,0.03197296234086971,15,23,2000,2022,2022,TRUE
CZ,CZ04,NUTS2,m3,6,pol_pol,1257.1428571428567,0.017955460663666458,9,23,2000,2022,2010,TRUE
CZ,CZ04,NUTS2,m3,7,pha_cya,969.9999999999997,0.01385427021662446,8,23,2000,2022,2020,TRUE
CZ,CZ04,NUTS2,m3,8,ips_dup,864.2857142857147,0.0123443792062707,16,23,2000,2022,2022,TRUE
CZ,CZ04,NUTS2,m3,9,sco_int,127.14285714285724,0.001815949998938996,9,23,2000,2022,2022,TRUE
CZ,CZ04,NUTS2,m3,10,sco_rat,37.14285714285714,5.305022468810545e-4,7,23,2000,2022,2021,TRUE
CZ,CZ04,NUTS2,m3,11,pit_spp,25.71428571428573,3.672707863022688e-4,5,23,2000,2022,2020,FALSE
CZ,CZ04,NUTS2,m3,12,den_mic,0,0,0,23,2000,2022,NA,FALSE
CZ,CZ04,NUTS2,m3,12,tet_gab,0,0,0,23,2000,2022,NA,FALSE
CZ,CZ05,NUTS2,ha,1,pri_abi,23888.514285714282,66.35192874193712,22,23,2000,2022,2001,TRUE
CZ,CZ05,NUTS2,ha,2,cep_spp,7922.428571428572,22.00506945502565,21,23,2000,2022,2006,TRUE
CZ,CZ05,NUTS2,ha,3,Def_dec&DB,2236.6571428571424,6.212463177408704,23,23,2000,2022,2000,TRUE
CZ,CZ05,NUTS2,ha,4,lym_mon,1777.1428571428585,4.93613185027173,16,23,2000,2022,2004,TRUE
CZ,CZ05,NUTS2,ha,5,zei_gri,152.2857142857142,0.42298364569048685,16,23,2000,2022,2006,TRUE
CZ,CZ05,NUTS2,ha,6,neo_ser,25.7142857142857,0.0714231296663111,1,23,2000,2022,2001,FALSE
CZ,CZ05,NUTS2,ha,7,lym_dis,0,0,0,23,2000,2022,NA,FALSE
CZ,CZ05,NUTS2,ha,7,pan_fla,0,0,0,23,2000,2022,NA,FALSE
CZ,CZ05,NUTS2,m3,1,ips_typ,11119908.571428569,97.17246281537305,23,23,2000,2022,2020,TRUE
CZ,CZ05,NUTS2,m3,2,ips_dup,177460,1.5507524311416838,22,23,2000,2022,2022,TRUE
CZ,CZ05,NUTS2,m3,3,tom_spp,55078.57142857141,0.48130975175627183,23,23,2000,2022,2020,TRUE
CZ,CZ05,NUTS2,m3,4,pha_cya,37807.14285714285,0.3303815997984629,22,23,2000,2022,2005,TRUE
CZ,CZ05,NUTS2,m3,5,ips_acu,31845.714285714283,0.278287044122703,21,23,2000,2022,2020,TRUE
CZ,CZ05,NUTS2,m3,6,ips_sex,8537.142857142859,0.0746026994292694,18,23,2000,2022,2004,TRUE
CZ,CZ05,NUTS2,m3,7,pit_spp,4122.857142857143,0.03602801046734797,11,23,2000,2022,2016,TRUE
CZ,CZ05,NUTS2,m3,8,pol_pol,3992.857142857142,0.03489199211927843,14,23,2000,2022,2012,TRUE
CZ,CZ05,NUTS2,m3,9,CambXyl_con&MD,2437.1428571428582,0.021297223096776046,12,23,2000,2022,2021,TRUE
CZ,CZ05,NUTS2,m3,10,sco_rat,1668.5714285714287,0.014580982753244086,14,23,2000,2022,2020,TRUE
CZ,CZ05,NUTS2,m3,11,sco_int,618.5714285714282,0.005405449941913258,10,23,2000,2022,2019,TRUE
CZ,CZ05,NUTS2,m3,12,den_mic,0,0,0,23,2000,2022,NA,FALSE
CZ,CZ05,NUTS2,m3,12,tet_gab,0,0,0,23,2000,2022,NA,FALSE
CZ,CZ06,NUTS2,ha,1,lym_dis,12277.67142857142,36.726931168386606,5,23,2000,2022,2018,FALSE
CZ,CZ06,NUTS2,ha,2,Def_dec&DB,11922.47142857144,35.66440021315577,21,23,2000,2022,2004,TRUE
CZ,CZ06,NUTS2,ha,3,pan_fla,3571.42857142857,10.683427397350423,1,23,2000,2022,2018,FALSE
CZ,CZ06,NUTS2,ha,4,lym_mon,2985.857142857143,8.931772641280851,20,23,2000,2022,2011,TRUE
CZ,CZ06,NUTS2,ha,5,cep_spp,2227.3571428571418,6.662826330631563,17,23,2000,2022,2009,TRUE
CZ,CZ06,NUTS2,ha,6,pri_abi,315.9714285714285,0.9451841886983865,9,23,2000,2022,2001,TRUE
CZ,CZ06,NUTS2,ha,7,zei_gri,125.99999999999999,0.37691131857852295,17,23,2000,2022,2018,TRUE
CZ,CZ06,NUTS2,ha,8,neo_ser,2.85714285714286,0.008546741917880348,1,23,2000,2022,2000,FALSE
CZ,CZ06,NUTS2,m3,1,ips_typ,21721172.85714286,85.69173516168566,23,23,2000,2022,2019,TRUE
CZ,CZ06,NUTS2,m3,2,ips_dup,3037725.7142857146,11.984066841805616,23,23,2000,2022,2019,TRUE
CZ,CZ06,NUTS2,m3,3,ips_acu,250244.28571428562,0.9872333873583671,23,23,2000,2022,2017,TRUE
CZ,CZ06,NUTS2,m3,4,tom_spp,115338.57142857139,0.4550197349741252,23,23,2000,2022,2019,TRUE
CZ,CZ06,NUTS2,m3,5,pol_pol,65932.85714285714,0.2601103066532173,23,23,2000,2022,2004,TRUE
CZ,CZ06,NUTS2,m3,6,CambXyl_con&MD,43510,0.17165037180111886,21,23,2000,2022,2021,TRUE
CZ,CZ06,NUTS2,m3,7,ips_sex,41897.142857142855,0.16528752353098514,23,23,2000,2022,2019,TRUE
CZ,CZ06,NUTS2,m3,8,pit_spp,40364.285714285754,0.15924028155237283,23,23,2000,2022,2020,TRUE
CZ,CZ06,NUTS2,m3,9,pha_cya,30317.142857142855,0.11960351283328445,23,23,2000,2022,2020,TRUE
CZ,CZ06,NUTS2,m3,10,sco_int,848.571428571428,0.003347681020778952,15,23,2000,2022,2018,TRUE
CZ,CZ06,NUTS2,m3,11,sco_rat,672.8571428571425,0.002654474344759069,9,23,2000,2022,2019,TRUE
CZ,CZ06,NUTS2,m3,12,tet_gab,12.85714285714286,5.0722439708772045e-5,2,23,2000,2022,2002,FALSE
CZ,CZ06,NUTS2,m3,13,den_mic,0,0,0,23,2000,2022,NA,FALSE
CZ,CZ07,NUTS2,ha,1,Def_dec&DB,3300.671428571429,70.0518156708295,17,23,2000,2022,2001,TRUE
CZ,CZ07,NUTS2,ha,2,pri_abi,567.7999999999996,12.05070598472513,13,23,2000,2022,2001,TRUE
CZ,CZ07,NUTS2,ha,3,cep_spp,506.2857142857148,10.745157251010399,15,23,2000,2022,2000,TRUE
CZ,CZ07,NUTS2,ha,4,lym_mon,206.42857142857156,4.381137761769193,10,23,2000,2022,2011,TRUE
CZ,CZ07,NUTS2,ha,5,lym_dis,67.14285714285712,1.4250067460425737,2,23,2000,2022,2020,FALSE
CZ,CZ07,NUTS2,ha,6,zei_gri,63.428571428571495,1.346176585623199,6,23,2000,2022,2006,TRUE
CZ,CZ07,NUTS2,ha,7,neo_ser,0,0,0,23,2000,2022,NA,FALSE
CZ,CZ07,NUTS2,ha,7,pan_fla,0,0,0,23,2000,2022,NA,FALSE
CZ,CZ07,NUTS2,m3,1,ips_typ,11607852.85714286,81.61773635276715,23,23,2000,2022,2019,TRUE
CZ,CZ07,NUTS2,m3,2,ips_dup,2554139.9999999995,17.958801484960194,23,23,2000,2022,2019,TRUE
CZ,CZ07,NUTS2,m3,3,ips_acu,24541.428571428576,0.17255696393761352,20,23,2000,2022,2021,TRUE
CZ,CZ07,NUTS2,m3,4,pol_pol,20487.14285714285,0.14405026019147296,23,23,2000,2022,2022,TRUE
CZ,CZ07,NUTS2,m3,5,CambXyl_con&MD,3622.8571428571445,0.025473220824599102,21,23,2000,2022,2022,TRUE
CZ,CZ07,NUTS2,m3,6,tom_spp,3584.285714285713,0.02520201539783876,21,23,2000,2022,2019,TRUE
CZ,CZ07,NUTS2,m3,7,ips_sex,2881.4285714285716,0.020260049843539577,21,23,2000,2022,2019,TRUE
CZ,CZ07,NUTS2,m3,8,pit_spp,2857.1428571428582,0.020089290871134934,22,23,2000,2022,2020,TRUE
CZ,CZ07,NUTS2,m3,9,pha_cya,1838.571428571429,0.01292745867557533,20,23,2000,2022,2008,TRUE
CZ,CZ07,NUTS2,m3,10,tet_gab,281.42857142857144,0.0019787951508067904,2,23,2000,2022,2002,FALSE
CZ,CZ07,NUTS2,m3,11,sco_int,98.57142857142856,6.93080535054155e-4,11,23,2000,2022,2011,TRUE
CZ,CZ07,NUTS2,m3,12,sco_rat,32.85714285714289,2.310268450180519e-4,8,23,2000,2022,2011,TRUE
CZ,CZ07,NUTS2,m3,13,den_mic,0,0,0,23,2000,2022,NA,FALSE
CZ,CZ08,NUTS2,ha,1,pri_abi,10430.565714285714,89.65152606838048,21,23,2000,2022,2000,TRUE
CZ,CZ08,NUTS2,ha,2,cep_spp,824.2857142857144,7.084800022003401,7,23,2000,2022,2003,TRUE
CZ,CZ08,NUTS2,ha,3,zei_gri,228.42857142857156,1.9633613925794529,6,23,2000,2022,2012,TRUE
CZ,CZ08,NUTS2,ha,4,Def_dec&DB,151.28571428571433,1.300312517036673,11,23,2000,2022,2014,TRUE
CZ,CZ08,NUTS2,ha,5,lym_dis,0,0,0,23,2000,2022,NA,FALSE
CZ,CZ08,NUTS2,ha,5,lym_mon,0,0,0,23,2000,2022,NA,FALSE
CZ,CZ08,NUTS2,ha,5,neo_ser,0,0,0,23,2000,2022,NA,FALSE
CZ,CZ08,NUTS2,ha,5,pan_fla,0,0,0,23,2000,2022,NA,FALSE
CZ,CZ08,NUTS2,m3,1,ips_typ,9545868.57142857,62.270698522059334,23,23,2000,2022,2018,TRUE
CZ,CZ08,NUTS2,m3,2,ips_dup,5652779.999999999,36.87485916630928,23,23,2000,2022,2018,TRUE
CZ,CZ08,NUTS2,m3,3,pol_pol,86942.85714285716,0.5671555610972664,23,23,2000,2022,2002,TRUE
CZ,CZ08,NUTS2,m3,4,ips_acu,12792.857142857138,0.08345182467344754,21,23,2000,2022,2019,TRUE
CZ,CZ08,NUTS2,m3,5,tom_spp,8932.857142857145,0.058271832460420746,21,23,2000,2022,2019,TRUE
CZ,CZ08,NUTS2,m3,6,CambXyl_con&MD,4688.571428571428,0.03058502385016805,15,23,2000,2022,2022,TRUE
CZ,CZ08,NUTS2,m3,7,pit_spp,4599.999999999999,0.03000724460619778,19,23,2000,2022,2019,TRUE
CZ,CZ08,NUTS2,m3,8,pha_cya,4542.857142857144,0.029634483803636327,22,23,2000,2022,2019,TRUE
CZ,CZ08,NUTS2,m3,9,sco_rat,2925.7142857142867,0.019085353091146923,14,23,2000,2022,2020,TRUE
CZ,CZ08,NUTS2,m3,10,ips_sex,2804.285714285715,0.01829323638570381,21,23,2000,2022,2020,TRUE
CZ,CZ08,NUTS2,m3,11,sco_int,2738.5714285714294,0.017864561462758128,16,23,2000,2022,2020,TRUE
CZ,CZ08,NUTS2,m3,12,den_mic,14.2857142857143,9.319020064036589e-5,1,23,2000,2022,2000,FALSE
CZ,CZ08,NUTS2,m3,13,tet_gab,0,0,0,23,2000,2022,NA,FALSE
DE,DE1,NUTS1,ha,1,mel_spp,96920.58823529411,39.223691571542496,23,23,2000,2022,2003,TRUE
DE,DE1,NUTS1,ha,2,Def_dec&DB,52608.82352941175,21.29075262161808,13,23,2000,2022,2005,TRUE
DE,DE1,NUTS1,ha,3,tha_pro,33223.529411764706,13.445538190518135,21,23,2000,2022,2007,TRUE
DE,DE1,NUTS1,ha,4,lym_dis,19235.294117647056,7.784509540190208,19,23,2000,2022,2004,TRUE
DE,DE1,NUTS1,ha,5,ope_spp,19085.29411764707,7.723804649280473,3,23,2000,2022,2006,FALSE
DE,DE1,NUTS1,ha,6,tor_vir,9208.823529411762,3.726804185066596,4,23,2000,2022,2004,FALSE
DE,DE1,NUTS1,ha,7,era_def,6061.76470588235,2.453191767940675,2,23,2000,2022,2003,FALSE
DE,DE1,NUTS1,ha,8,geo_db,5429.411764705883,2.19727899253687,4,23,2000,2022,2012,FALSE
DE,DE1,NUTS1,ha,9,dip_sp,5214.705882352942,2.110387678097438,6,23,2000,2022,2002,TRUE
DE,DE1,NUTS1,ha,10,pri_abi,108.8235294117647,0.044040803209027174,3,23,2000,2022,2010,FALSE
DE,DE1,NUTS1,ha,11,Def_dec,0,0,0,23,2000,2022,NA,FALSE
DE,DE1,NUTS1,ha,11,bup_pin,0,0,0,23,2000,2022,NA,FALSE
DE,DE1,NUTS1,ha,11,den_pin,0,0,0,23,2000,2022,NA,FALSE
DE,DE1,NUTS1,ha,11,lym_mon,0,0,0,23,2000,2022,NA,FALSE
DE,DE1,NUTS1,ha,11,neo_ser,0,0,0,23,2000,2022,NA,FALSE
DE,DE1,NUTS1,ha,11,pan_fla,0,0,0,23,2000,2022,NA,FALSE
DE,DE1,NUTS1,ha,11,tha_pit,0,0,0,23,2000,2022,NA,FALSE
DE,DE1,NUTS1,ha,11,zei_gri,0,0,0,23,2000,2022,NA,FALSE
DE,DE1,NUTS1,m3,1,ips_typ,32091314.70588236,55.70356112746464,19,23,2000,2022,2001,TRUE
DE,DE1,NUTS1,m3,2,CambXyl_con&BB_con&SM,15025649.99999999,26.081269057558092,10,23,2000,2022,2005,TRUE
DE,DE1,NUTS1,m3,3,pit_spp,4494047.05882353,7.8006908518769,22,23,2000,2022,2019,TRUE
DE,DE1,NUTS1,m3,4,pit_cha,2293499.999999999,3.981018497270301,19,23,2000,2022,2003,TRUE
DE,DE1,NUTS1,m3,5,xyl_lin,1062147.05882353,1.8436568947014265,4,23,2000,2022,2019,FALSE
DE,DE1,NUTS1,m3,6,agr_big,572282.3529411762,0.9933580260388899,23,23,2000,2022,2000,TRUE
DE,DE1,NUTS1,m3,7,agr_vir,525764.7058823528,0.9126134812860373,18,23,2000,2022,2018,TRUE
DE,DE1,NUTS1,m3,8,pha_cya,276159.705882353,0.47935334524454926,22,23,2000,2022,2004,TRUE
DE,DE1,NUTS1,m3,9,CambXyl_con&BO,224752.94117647057,0.3901223527967881,6,23,2000,2022,2022,TRUE
DE,DE1,NUTS1,m3,10,CambXyl_con&MD,224141.17647058828,0.38906046197049887,15,23,2000,2022,2019,TRUE
DE,DE1,NUTS1,m3,11,ips_cem,215234.11764705883,0.3735997399592734,19,23,2000,2022,2004,TRUE
DE,DE1,NUTS1,m3,12,tom_spp,197473.23529411765,0.34277070085968747,16,23,2000,2022,2005,TRUE
DE,DE1,NUTS1,m3,13,CambXyl_con&BB_con&BO,163177.94117647057,0.28324150955745137,12,23,2000,2022,2007,TRUE
DE,DE1,NUTS1,m3,14,sco_int,57917.64705882339,0.10053247188120727,6,23,2000,2022,2015,TRUE
DE,DE1,NUTS1,m3,15,ips_sex,48444.99999999998,0.08409001138010017,2,23,2000,2022,2006,FALSE
DE,DE1,NUTS1,m3,16,tet_gab,42061.17647058823,0.073009078502883,19,23,2000,2022,2004,TRUE
DE,DE1,NUTS1,m3,17,tet_spp,34658.823529411784,0.06016019950478112,19,23,2000,2022,2005,TRUE
DE,DE1,NUTS1,m3,18,xyl_spp,19305.88235294117,0.03351082396040249,6,23,2000,2022,2019,TRUE
DE,DE1,NUTS1,m3,19,ips_acu,17683.235294117625,0.03069426064855693,1,23,2000,2022,2004,FALSE
DE,DE1,NUTS1,m3,19,pit_bid,17683.235294117625,0.03069426064855693,1,23,2000,2022,2004,FALSE
DE,DE1,NUTS1,m3,21,sco_sco,6776.470588235307,0.011762482998898158,2,23,2000,2022,2010,FALSE
DE,DE1,NUTS1,m3,22,pis_pin,576.4705882352946,0.001000627894003488,2,23,2000,2022,2001,FALSE
DE,DE1,NUTS1,m3,23,uro_sir_spp,132.3529411764705,2.2973599607222905e-4,1,23,2000,2022,2002,FALSE
DE,DE1,NUTS1,m3,24,den_mic,0,0,0,23,2000,2022,NA,FALSE
DE,DE1,NUTS1,m3,24,ips_ami,0,0,0,23,2000,2022,NA,FALSE
DE,DE1,NUTS1,m3,24,sap_car,0,0,0,23,2000,2022,NA,FALSE
DE,DE1,NUTS1,m3,24,sco_rat,0,0,0,23,2000,2022,NA,FALSE
DE,DE2,NUTS1,ha,1,pri_abi,458399.99999999965,45.25693975943261,10,23,2000,2022,2003,TRUE
DE,DE2,NUTS1,ha,2,tor_vir,134983.33333333343,13.32664176525761,19,23,2000,2022,2010,TRUE
DE,DE2,NUTS1,ha,3,ope_spp,109133.33333333334,10.774521580307047,15,23,2000,2022,2004,TRUE
DE,DE2,NUTS1,ha,4,tha_pro,96733.33333333334,9.550293715959393,17,23,2000,2022,2019,TRUE
DE,DE2,NUTS1,ha,5,era_def,85199.99999999999,8.411630164711303,11,23,2000,2022,2010,TRUE
DE,DE2,NUTS1,ha,6,lym_dis,74216.6666666667,7.327267042930253,17,23,2000,2022,2019,TRUE
DE,DE2,NUTS1,ha,7,mel_spp,28483.333333333332,2.81210405936847,7,23,2000,2022,2014,TRUE
DE,DE2,NUTS1,ha,8,lym_mon,23033.333333333332,2.2740361673769605,10,23,2000,2022,2013,TRUE
DE,DE2,NUTS1,ha,9,geo_db,1733.333333333334,0.17112862619913458,3,23,2000,2022,2000,FALSE
DE,DE2,NUTS1,ha,10,pan_fla,606.6666666666666,0.05989501916969708,4,23,2000,2022,2003,FALSE
DE,DE2,NUTS1,ha,11,bup_pin,343.3333333333337,0.03389663172790553,4,23,2000,2022,2003,FALSE
DE,DE2,NUTS1,ha,12,dip_sp,16.6666666666667,0.0016454675596070658,1,23,2000,2022,2016,FALSE
DE,DE2,NUTS1,ha,13,Def_dec,0,0,0,23,2000,2022,NA,FALSE
DE,DE2,NUTS1,ha,13,Def_dec&DB,0,0,0,23,2000,2022,NA,FALSE
DE,DE2,NUTS1,ha,13,den_pin,0,0,0,23,2000,2022,NA,FALSE
DE,DE2,NUTS1,ha,13,neo_ser,0,0,0,23,2000,2022,NA,FALSE
DE,DE2,NUTS1,ha,13,tha_pit,0,0,0,23,2000,2022,NA,FALSE
DE,DE2,NUTS1,ha,13,zei_gri,0,0,0,23,2000,2022,NA,FALSE
DE,DE2,NUTS1,m3,1,ips_typ,128207299.99999996,84.74467449377029,22,23,2000,2022,2020,TRUE
DE,DE2,NUTS1,m3,2,pit_cha,11917333.333333332,7.877324724622483,22,23,2000,2022,2019,TRUE
DE,DE2,NUTS1,m3,3,xyl_lin,3302166.666666667,2.182723131138751,23,23,2000,2022,2007,TRUE
DE,DE2,NUTS1,m3,4,pha_cya,2432800.0000000023,1.608074143269881,22,23,2000,2022,2019,TRUE
DE,DE2,NUTS1,m3,5,tom_spp,1601756.6666666663,1.0587567738724175,23,23,2000,2022,2008,TRUE
DE,DE2,NUTS1,m3,6,agr_big,1259533.3333333333,0.8325480869450244,23,23,2000,2022,2021,TRUE
DE,DE2,NUTS1,m3,7,agr_vir,1234600.0000000014,0.8160672218353319,13,23,2000,2022,2018,TRUE
DE,DE2,NUTS1,m3,8,ips_cem,681699.9999999997,0.45060183470366505,23,23,2000,2022,2019,TRUE
DE,DE2,NUTS1,m3,9,pit_spp,492133.3333333335,0.32529878673731927,22,23,2000,2022,2019,TRUE
DE,DE2,NUTS1,m3,10,xyl_spp,156900.0000000001,0.10371047068359267,22,23,2000,2022,2006,TRUE
DE,DE2,NUTS1,m3,11,tet_spp,333.333333333334,2.2033242125258723e-4,2,23,2000,2022,2012,FALSE
DE,DE2,NUTS1,m3,12,CambXyl_con&BB_con&BO,0,0,0,23,2000,2022,NA,FALSE
DE,DE2,NUTS1,m3,12,CambXyl_con&BB_con&SM,0,0,0,23,2000,2022,NA,FALSE
DE,DE2,NUTS1,m3,12,CambXyl_con&BO,0,0,0,23,2000,2022,NA,FALSE
DE,DE2,NUTS1,m3,12,CambXyl_con&MD,0,0,0,23,2000,2022,NA,FALSE
DE,DE2,NUTS1,m3,12,den_mic,0,0,0,23,2000,2022,NA,FALSE
DE,DE2,NUTS1,m3,12,ips_acu,0,0,0,23,2000,2022,NA,FALSE
DE,DE2,NUTS1,m3,12,ips_ami,0,0,0,23,2000,2022,NA,FALSE
DE,DE2,NUTS1,m3,12,ips_sex,0,0,0,23,2000,2022,NA,FALSE
DE,DE2,NUTS1,m3,12,pis_pin,0,0,0,23,2000,2022,NA,FALSE
DE,DE2,NUTS1,m3,12,pit_bid,0,0,0,23,2000,2022,NA,FALSE
DE,DE2,NUTS1,m3,12,sap_car,0,0,0,23,2000,2022,NA,FALSE
DE,DE2,NUTS1,m3,12,sco_int,0,0,0,23,2000,2022,NA,FALSE
DE,DE2,NUTS1,m3,12,sco_rat,0,0,0,23,2000,2022,NA,FALSE
DE,DE2,NUTS1,m3,12,sco_sco,0,0,0,23,2000,2022,NA,FALSE
DE,DE2,NUTS1,m3,12,tet_gab,0,0,0,23,2000,2022,NA,FALSE
DE,DE2,NUTS1,m3,12,uro_sir_spp,0,0,0,23,2000,2022,NA,FALSE
DE,DE3,NUTS1,ha,1,Def_dec,0,NA,0,23,2000,2022,NA,FALSE
DE,DE3,NUTS1,ha,1,Def_dec&DB,0,NA,0,23,2000,2022,NA,FALSE
DE,DE3,NUTS1,ha,1,bup_pin,0,NA,0,23,2000,2022,NA,FALSE
DE,DE3,NUTS1,ha,1,den_pin,0,NA,0,23,2000,2022,NA,FALSE
DE,DE3,NUTS1,ha,1,dip_sp,0,NA,0,23,2000,2022,NA,FALSE
DE,DE3,NUTS1,ha,1,era_def,0,NA,0,23,2000,2022,NA,FALSE
DE,DE3,NUTS1,ha,1,geo_db,0,NA,0,23,2000,2022,NA,FALSE
DE,DE3,NUTS1,ha,1,lym_dis,0,NA,0,23,2000,2022,NA,FALSE
DE,DE3,NUTS1,ha,1,lym_mon,0,NA,0,23,2000,2022,NA,FALSE
DE,DE3,NUTS1,ha,1,mel_spp,0,NA,0,23,2000,2022,NA,FALSE
DE,DE3,NUTS1,ha,1,neo_ser,0,NA,0,23,2000,2022,NA,FALSE
DE,DE3,NUTS1,ha,1,ope_spp,0,NA,0,23,2000,2022,NA,FALSE
DE,DE3,NUTS1,ha,1,pan_fla,0,NA,0,23,2000,2022,NA,FALSE
DE,DE3,NUTS1,ha,1,pri_abi,0,NA,0,23,2000,2022,NA,FALSE
DE,DE3,NUTS1,ha,1,tha_pit,0,NA,0,23,2000,2022,NA,FALSE
DE,DE3,NUTS1,ha,1,tha_pro,0,NA,0,23,2000,2022,NA,FALSE
DE,DE3,NUTS1,ha,1,tor_vir,0,NA,0,23,2000,2022,NA,FALSE
DE,DE3,NUTS1,ha,1,zei_gri,0,NA,0,23,2000,2022,NA,FALSE
DE,DE3,NUTS1,m3,1,CambXyl_con&BB_con&BO,0,NA,0,23,2000,2022,NA,FALSE
DE,DE3,NUTS1,m3,1,CambXyl_con&BB_con&SM,0,NA,0,23,2000,2022,NA,FALSE
DE,DE3,NUTS1,m3,1,CambXyl_con&BO,0,NA,0,23,2000,2022,NA,FALSE
DE,DE3,NUTS1,m3,1,CambXyl_con&MD,0,NA,0,23,2000,2022,NA,FALSE
DE,DE3,NUTS1,m3,1,agr_big,0,NA,0,23,2000,2022,NA,FALSE
DE,DE3,NUTS1,m3,1,agr_vir,0,NA,0,23,2000,2022,NA,FALSE
DE,DE3,NUTS1,m3,1,den_mic,0,NA,0,23,2000,2022,NA,FALSE
DE,DE3,NUTS1,m3,1,ips_acu,0,NA,0,23,2000,2022,NA,FALSE
DE,DE3,NUTS1,m3,1,ips_ami,0,NA,0,23,2000,2022,NA,FALSE
DE,DE3,NUTS1,m3,1,ips_cem,0,NA,0,23,2000,2022,NA,FALSE
DE,DE3,NUTS1,m3,1,ips_sex,0,NA,0,23,2000,2022,NA,FALSE
DE,DE3,NUTS1,m3,1,ips_typ,0,NA,0,23,2000,2022,NA,FALSE
DE,DE3,NUTS1,m3,1,pha_cya,0,NA,0,23,2000,2022,NA,FALSE
DE,DE3,NUTS1,m3,1,pis_pin,0,NA,0,23,2000,2022,NA,FALSE
DE,DE3,NUTS1,m3,1,pit_bid,0,NA,0,23,2000,2022,NA,FALSE
DE,DE3,NUTS1,m3,1,pit_cha,0,NA,0,23,2000,2022,NA,FALSE
DE,DE3,NUTS1,m3,1,pit_spp,0,NA,0,23,2000,2022,NA,FALSE
DE,DE3,NUTS1,m3,1,sap_car,0,NA,0,23,2000,2022,NA,FALSE
DE,DE3,NUTS1,m3,1,sco_int,0,NA,0,23,2000,2022,NA,FALSE
DE,DE3,NUTS1,m3,1,sco_rat,0,NA,0,23,2000,2022,NA,FALSE
DE,DE3,NUTS1,m3,1,sco_sco,0,NA,0,23,2000,2022,NA,FALSE
DE,DE3,NUTS1,m3,1,tet_gab,0,NA,0,23,2000,2022,NA,FALSE
DE,DE3,NUTS1,m3,1,tet_spp,0,NA,0,23,2000,2022,NA,FALSE
DE,DE3,NUTS1,m3,1,tom_spp,0,NA,0,23,2000,2022,NA,FALSE
DE,DE3,NUTS1,m3,1,uro_sir_spp,0,NA,0,23,2000,2022,NA,FALSE
DE,DE3,NUTS1,m3,1,xyl_lin,0,NA,0,23,2000,2022,NA,FALSE
DE,DE3,NUTS1,m3,1,xyl_spp,0,NA,0,23,2000,2022,NA,FALSE
DE,DE4,NUTS1,ha,1,lym_mon,267435.294117647,36.08875496811752,16,23,2000,2022,2003,TRUE
DE,DE4,NUTS1,ha,2,dip_sp,145832.35294117648,19.67918284339446,23,23,2000,2022,2016,TRUE
DE,DE4,NUTS1,ha,3,tha_pro,75262.35294117642,10.15619356666981,14,23,2000,2022,2012,TRUE
DE,DE4,NUTS1,ha,4,den_pin,54555.8823529412,7.361982182645745,18,23,2000,2022,2013,TRUE
DE,DE4,NUTS1,ha,5,pan_fla,53641.17647058821,7.238548226162758,9,23,2000,2022,2000,TRUE
DE,DE4,NUTS1,ha,6,era_def,49764.70588235293,6.715442262675396,14,23,2000,2022,2004,TRUE
DE,DE4,NUTS1,ha,7,tor_vir,34438.23529411769,4.64722892752165,12,23,2000,2022,2004,TRUE
DE,DE4,NUTS1,ha,8,bup_pin,24135.294117647074,3.2569101186474203,14,23,2000,2022,2005,TRUE
DE,DE4,NUTS1,ha,9,Def_dec&DB,23683.529411764674,3.1959472385323466,6,23,2000,2022,2012,TRUE
DE,DE4,NUTS1,ha,10,geo_db,7320.58823529412,0.9878685456146024,2,23,2000,2022,2014,FALSE
DE,DE4,NUTS1,ha,11,pri_abi,2597.058823529411,0.35045718191148784,3,23,2000,2022,2000,FALSE
DE,DE4,NUTS1,ha,12,tha_pit,1902.9411764705885,0.2567902567346917,11,23,2000,2022,2022,TRUE
DE,DE4,NUTS1,ha,13,mel_spp,285.2941176470587,0.038498693822666276,8,23,2000,2022,2000,TRUE
DE,DE4,NUTS1,ha,14,lym_dis,194.1176470588231,0.026194987549442984,5,23,2000,2022,2013,FALSE
DE,DE4,NUTS1,ha,15,Def_dec,0,0,0,23,2000,2022,NA,FALSE
DE,DE4,NUTS1,ha,15,neo_ser,0,0,0,23,2000,2022,NA,FALSE
DE,DE4,NUTS1,ha,15,ope_spp,0,0,0,23,2000,2022,NA,FALSE
DE,DE4,NUTS1,ha,15,zei_gri,0,0,0,23,2000,2022,NA,FALSE
DE,DE4,NUTS1,m3,1,ips_typ,2649761.7647058824,39.65758822416766,23,23,2000,2022,2020,TRUE
DE,DE4,NUTS1,m3,2,pha_cya,1806952.9411764708,27.043712622058745,23,23,2000,2022,2020,TRUE
DE,DE4,NUTS1,m3,3,xyl_lin,661132.3529411764,9.89481958863064,23,23,2000,2022,2000,TRUE
DE,DE4,NUTS1,m3,4,ips_cem,418092.35294117633,6.257367961702378,23,23,2000,2022,2007,TRUE
DE,DE4,NUTS1,m3,5,ips_sex,305141.1764705882,4.566887215255695,22,23,2000,2022,2021,TRUE
DE,DE4,NUTS1,m3,6,tom_spp,248458.52941176444,3.718547901715872,23,23,2000,2022,2013,TRUE
DE,DE4,NUTS1,m3,7,xyl_spp,234294.11764705883,3.5065566137879163,22,23,2000,2022,2006,TRUE
DE,DE4,NUTS1,m3,8,ips_acu,159358.82352941175,2.3850395486851226,15,23,2000,2022,2022,TRUE
DE,DE4,NUTS1,m3,9,pit_cha,70288.23529411764,1.0519669841363748,23,23,2000,2022,2019,TRUE
DE,DE4,NUTS1,m3,10,agr_big,40205.88235294117,0.60174025747528,21,23,2000,2022,2006,TRUE
DE,DE4,NUTS1,m3,11,pit_bid,27279.411764705907,0.40827658288831226,18,23,2000,2022,2019,TRUE
DE,DE4,NUTS1,m3,12,sco_int,27002.94117647059,0.4041387932611959,20,23,2000,2022,2006,TRUE
DE,DE4,NUTS1,m3,13,sco_rat,11008.82352941176,0.16476326142867392,20,23,2000,2022,2020,TRUE
DE,DE4,NUTS1,m3,14,ips_ami,8758.82352941177,0.1310886969101233,2,23,2000,2022,2008,FALSE
DE,DE4,NUTS1,m3,15,pis_pin,7994.117647058824,0.11964374687767458,20,23,2000,2022,2004,TRUE
DE,DE4,NUTS1,m3,16,tet_gab,2758.8235294117667,0.0412898581939878,10,23,2000,2022,2000,TRUE
DE,DE4,NUTS1,m3,17,tet_spp,1355.8823529411761,0.020292776788303154,3,23,2000,2022,2003,FALSE
DE,DE4,NUTS1,m3,18,agr_vir,1005.8823529411765,0.01505451119652859,4,23,2000,2022,2020,FALSE
DE,DE4,NUTS1,m3,19,sco_sco,720.5882352941177,0.01078466445365352,13,23,2000,2022,2013,TRUE
DE,DE4,NUTS1,m3,20,sap_car,29.4117647058824,4.4019038586340977e-4,1,23,2000,2022,2021,FALSE
DE,DE4,NUTS1,m3,21,CambXyl_con&BB_con&BO,0,0,0,23,2000,2022,NA,FALSE
DE,DE4,NUTS1,m3,21,CambXyl_con&BB_con&SM,0,0,0,23,2000,2022,NA,FALSE
DE,DE4,NUTS1,m3,21,CambXyl_con&BO,0,0,0,23,2000,2022,NA,FALSE
DE,DE4,NUTS1,m3,21,CambXyl_con&MD,0,0,0,23,2000,2022,NA,FALSE
DE,DE4,NUTS1,m3,21,den_mic,0,0,0,23,2000,2022,NA,FALSE
DE,DE4,NUTS1,m3,21,pit_spp,0,0,0,23,2000,2022,NA,FALSE
DE,DE4,NUTS1,m3,21,uro_sir_spp,0,0,0,23,2000,2022,NA,FALSE
DE,DE5,NUTS1,ha,1,Def_dec,0,NA,0,23,2000,2022,NA,FALSE
DE,DE5,NUTS1,ha,1,Def_dec&DB,0,NA,0,23,2000,2022,NA,FALSE
DE,DE5,NUTS1,ha,1,bup_pin,0,NA,0,23,2000,2022,NA,FALSE
DE,DE5,NUTS1,ha,1,den_pin,0,NA,0,23,2000,2022,NA,FALSE
DE,DE5,NUTS1,ha,1,dip_sp,0,NA,0,23,2000,2022,NA,FALSE
DE,DE5,NUTS1,ha,1,era_def,0,NA,0,23,2000,2022,NA,FALSE
DE,DE5,NUTS1,ha,1,geo_db,0,NA,0,23,2000,2022,NA,FALSE
DE,DE5,NUTS1,ha,1,lym_dis,0,NA,0,23,2000,2022,NA,FALSE
DE,DE5,NUTS1,ha,1,lym_mon,0,NA,0,23,2000,2022,NA,FALSE
DE,DE5,NUTS1,ha,1,mel_spp,0,NA,0,23,2000,2022,NA,FALSE
DE,DE5,NUTS1,ha,1,neo_ser,0,NA,0,23,2000,2022,NA,FALSE
DE,DE5,NUTS1,ha,1,ope_spp,0,NA,0,23,2000,2022,NA,FALSE
DE,DE5,NUTS1,ha,1,pan_fla,0,NA,0,23,2000,2022,NA,FALSE
DE,DE5,NUTS1,ha,1,pri_abi,0,NA,0,23,2000,2022,NA,FALSE
DE,DE5,NUTS1,ha,1,tha_pit,0,NA,0,23,2000,2022,NA,FALSE
DE,DE5,NUTS1,ha,1,tha_pro,0,NA,0,23,2000,2022,NA,FALSE
DE,DE5,NUTS1,ha,1,tor_vir,0,NA,0,23,2000,2022,NA,FALSE
DE,DE5,NUTS1,ha,1,zei_gri,0,NA,0,23,2000,2022,NA,FALSE
DE,DE5,NUTS1,m3,1,CambXyl_con&BB_con&BO,0,NA,0,23,2000,2022,NA,FALSE
DE,DE5,NUTS1,m3,1,CambXyl_con&BB_con&SM,0,NA,0,23,2000,2022,NA,FALSE
DE,DE5,NUTS1,m3,1,CambXyl_con&BO,0,NA,0,23,2000,2022,NA,FALSE
DE,DE5,NUTS1,m3,1,CambXyl_con&MD,0,NA,0,23,2000,2022,NA,FALSE
DE,DE5,NUTS1,m3,1,agr_big,0,NA,0,23,2000,2022,NA,FALSE
DE,DE5,NUTS1,m3,1,agr_vir,0,NA,0,23,2000,2022,NA,FALSE
DE,DE5,NUTS1,m3,1,den_mic,0,NA,0,23,2000,2022,NA,FALSE
DE,DE5,NUTS1,m3,1,ips_acu,0,NA,0,23,2000,2022,NA,FALSE
DE,DE5,NUTS1,m3,1,ips_ami,0,NA,0,23,2000,2022,NA,FALSE
DE,DE5,NUTS1,m3,1,ips_cem,0,NA,0,23,2000,2022,NA,FALSE
DE,DE5,NUTS1,m3,1,ips_sex,0,NA,0,23,2000,2022,NA,FALSE
DE,DE5,NUTS1,m3,1,ips_typ,0,NA,0,23,2000,2022,NA,FALSE
DE,DE5,NUTS1,m3,1,pha_cya,0,NA,0,23,2000,2022,NA,FALSE
DE,DE5,NUTS1,m3,1,pis_pin,0,NA,0,23,2000,2022,NA,FALSE
DE,DE5,NUTS1,m3,1,pit_bid,0,NA,0,23,2000,2022,NA,FALSE
DE,DE5,NUTS1,m3,1,pit_cha,0,NA,0,23,2000,2022,NA,FALSE
DE,DE5,NUTS1,m3,1,pit_spp,0,NA,0,23,2000,2022,NA,FALSE
DE,DE5,NUTS1,m3,1,sap_car,0,NA,0,23,2000,2022,NA,FALSE
DE,DE5,NUTS1,m3,1,sco_int,0,NA,0,23,2000,2022,NA,FALSE
DE,DE5,NUTS1,m3,1,sco_rat,0,NA,0,23,2000,2022,NA,FALSE
DE,DE5,NUTS1,m3,1,sco_sco,0,NA,0,23,2000,2022,NA,FALSE
DE,DE5,NUTS1,m3,1,tet_gab,0,NA,0,23,2000,2022,NA,FALSE
DE,DE5,NUTS1,m3,1,tet_spp,0,NA,0,23,2000,2022,NA,FALSE
DE,DE5,NUTS1,m3,1,tom_spp,0,NA,0,23,2000,2022,NA,FALSE
DE,DE5,NUTS1,m3,1,uro_sir_spp,0,NA,0,23,2000,2022,NA,FALSE
DE,DE5,NUTS1,m3,1,xyl_lin,0,NA,0,23,2000,2022,NA,FALSE
DE,DE5,NUTS1,m3,1,xyl_spp,0,NA,0,23,2000,2022,NA,FALSE
DE,DE6,NUTS1,ha,1,Def_dec,0,NA,0,23,2000,2022,NA,FALSE
DE,DE6,NUTS1,ha,1,Def_dec&DB,0,NA,0,23,2000,2022,NA,FALSE
DE,DE6,NUTS1,ha,1,bup_pin,0,NA,0,23,2000,2022,NA,FALSE
DE,DE6,NUTS1,ha,1,den_pin,0,NA,0,23,2000,2022,NA,FALSE
DE,DE6,NUTS1,ha,1,dip_sp,0,NA,0,23,2000,2022,NA,FALSE
DE,DE6,NUTS1,ha,1,era_def,0,NA,0,23,2000,2022,NA,FALSE
DE,DE6,NUTS1,ha,1,geo_db,0,NA,0,23,2000,2022,NA,FALSE
DE,DE6,NUTS1,ha,1,lym_dis,0,NA,0,23,2000,2022,NA,FALSE
DE,DE6,NUTS1,ha,1,lym_mon,0,NA,0,23,2000,2022,NA,FALSE
DE,DE6,NUTS1,ha,1,mel_spp,0,NA,0,23,2000,2022,NA,FALSE
DE,DE6,NUTS1,ha,1,neo_ser,0,NA,0,23,2000,2022,NA,FALSE
DE,DE6,NUTS1,ha,1,ope_spp,0,NA,0,23,2000,2022,NA,FALSE
DE,DE6,NUTS1,ha,1,pan_fla,0,NA,0,23,2000,2022,NA,FALSE
DE,DE6,NUTS1,ha,1,pri_abi,0,NA,0,23,2000,2022,NA,FALSE
DE,DE6,NUTS1,ha,1,tha_pit,0,NA,0,23,2000,2022,NA,FALSE
DE,DE6,NUTS1,ha,1,tha_pro,0,NA,0,23,2000,2022,NA,FALSE
DE,DE6,NUTS1,ha,1,tor_vir,0,NA,0,23,2000,2022,NA,FALSE
DE,DE6,NUTS1,ha,1,zei_gri,0,NA,0,23,2000,2022,NA,FALSE
DE,DE6,NUTS1,m3,1,CambXyl_con&BB_con&BO,0,NA,0,23,2000,2022,NA,FALSE
DE,DE6,NUTS1,m3,1,CambXyl_con&BB_con&SM,0,NA,0,23,2000,2022,NA,FALSE
DE,DE6,NUTS1,m3,1,CambXyl_con&BO,0,NA,0,23,2000,2022,NA,FALSE
DE,DE6,NUTS1,m3,1,CambXyl_con&MD,0,NA,0,23,2000,2022,NA,FALSE
DE,DE6,NUTS1,m3,1,agr_big,0,NA,0,23,2000,2022,NA,FALSE
DE,DE6,NUTS1,m3,1,agr_vir,0,NA,0,23,2000,2022,NA,FALSE
DE,DE6,NUTS1,m3,1,den_mic,0,NA,0,23,2000,2022,NA,FALSE
DE,DE6,NUTS1,m3,1,ips_acu,0,NA,0,23,2000,2022,NA,FALSE
DE,DE6,NUTS1,m3,1,ips_ami,0,NA,0,23,2000,2022,NA,FALSE
DE,DE6,NUTS1,m3,1,ips_cem,0,NA,0,23,2000,2022,NA,FALSE
DE,DE6,NUTS1,m3,1,ips_sex,0,NA,0,23,2000,2022,NA,FALSE
DE,DE6,NUTS1,m3,1,ips_typ,0,NA,0,23,2000,2022,NA,FALSE
DE,DE6,NUTS1,m3,1,pha_cya,0,NA,0,23,2000,2022,NA,FALSE
DE,DE6,NUTS1,m3,1,pis_pin,0,NA,0,23,2000,2022,NA,FALSE
DE,DE6,NUTS1,m3,1,pit_bid,0,NA,0,23,2000,2022,NA,FALSE
DE,DE6,NUTS1,m3,1,pit_cha,0,NA,0,23,2000,2022,NA,FALSE
DE,DE6,NUTS1,m3,1,pit_spp,0,NA,0,23,2000,2022,NA,FALSE
DE,DE6,NUTS1,m3,1,sap_car,0,NA,0,23,2000,2022,NA,FALSE
DE,DE6,NUTS1,m3,1,sco_int,0,NA,0,23,2000,2022,NA,FALSE
DE,DE6,NUTS1,m3,1,sco_rat,0,NA,0,23,2000,2022,NA,FALSE
DE,DE6,NUTS1,m3,1,sco_sco,0,NA,0,23,2000,2022,NA,FALSE
DE,DE6,NUTS1,m3,1,tet_gab,0,NA,0,23,2000,2022,NA,FALSE
DE,DE6,NUTS1,m3,1,tet_spp,0,NA,0,23,2000,2022,NA,FALSE
DE,DE6,NUTS1,m3,1,tom_spp,0,NA,0,23,2000,2022,NA,FALSE
DE,DE6,NUTS1,m3,1,uro_sir_spp,0,NA,0,23,2000,2022,NA,FALSE
DE,DE6,NUTS1,m3,1,xyl_lin,0,NA,0,23,2000,2022,NA,FALSE
DE,DE6,NUTS1,m3,1,xyl_spp,0,NA,0,23,2000,2022,NA,FALSE
DE,DE7,NUTS1,ha,1,mel_spp,61804.76190476194,74.20387627922933,6,23,2000,2022,2005,TRUE
DE,DE7,NUTS1,ha,2,Def_dec&DB,10438.09523809524,12.532159396260932,6,23,2000,2022,2005,TRUE
DE,DE7,NUTS1,ha,3,tha_pro,6459.523809523808,7.755417071636837,4,23,2000,2022,2009,FALSE
DE,DE7,NUTS1,ha,4,tor_vir,1000,1.2006174604082094,1,23,2000,2022,2010,FALSE
DE,DE7,NUTS1,ha,5,era_def,809.52380952381,0.9719284203304557,1,23,2000,2022,2009,FALSE
DE,DE7,NUTS1,ha,6,bup_pin,788.0952380952378,0.9462009033217076,6,23,2000,2022,2005,TRUE
DE,DE7,NUTS1,ha,7,lym_mon,752.380952380952,0.9033217083071284,5,23,2000,2022,2004,FALSE
DE,DE7,NUTS1,ha,8,pan_fla,588.0952380952383,0.7060774112400663,6,23,2000,2022,2005,TRUE
DE,DE7,NUTS1,ha,9,lym_dis,578.5714285714291,0.694642959236179,7,23,2000,2022,2004,TRUE
DE,DE7,NUTS1,ha,10,dip_sp,71.42857142857146,0.08575839002915785,2,23,2000,2022,2000,FALSE
DE,DE7,NUTS1,ha,11,Def_dec,0,0,0,23,2000,2022,NA,FALSE
DE,DE7,NUTS1,ha,11,den_pin,0,0,0,23,2000,2022,NA,FALSE
DE,DE7,NUTS1,ha,11,geo_db,0,0,0,23,2000,2022,NA,FALSE
DE,DE7,NUTS1,ha,11,neo_ser,0,0,0,23,2000,2022,NA,FALSE
DE,DE7,NUTS1,ha,11,ope_spp,0,0,0,23,2000,2022,NA,FALSE
DE,DE7,NUTS1,ha,11,pri_abi,0,0,0,23,2000,2022,NA,FALSE
DE,DE7,NUTS1,ha,11,tha_pit,0,0,0,23,2000,2022,NA,FALSE
DE,DE7,NUTS1,ha,11,zei_gri,0,0,0,23,2000,2022,NA,FALSE
DE,DE7,NUTS1,m3,1,ips_typ,1466614.2857142857,80.54032985319562,6,23,2000,2022,2003,TRUE
DE,DE7,NUTS1,m3,2,pit_cha,160002.38095238103,8.78666235882548,6,23,2000,2022,2003,TRUE
DE,DE7,NUTS1,m3,3,agr_big,40800.00000000002,2.2405655597510963,2,23,2000,2022,2000,FALSE
DE,DE7,NUTS1,m3,4,xyl_spp,37457.14285714288,2.0569898101076243,3,23,2000,2022,2003,FALSE
DE,DE7,NUTS1,m3,5,ips_cem,30730.47619047619,1.6875893771355879,6,23,2000,2022,2000,TRUE
DE,DE7,NUTS1,m3,6,pha_cya,30531.66666666669,1.6766715886062231,6,23,2000,2022,2005,TRUE
DE,DE7,NUTS1,m3,7,tom_spp,18223.333333333354,1.000749339473795,6,23,2000,2022,2004,TRUE
DE,DE7,NUTS1,m3,8,tet_gab,16009.523809523816,0.8791761685204463,6,23,2000,2022,2000,TRUE
DE,DE7,NUTS1,m3,9,CambXyl_con&BB_con&BO,6148.333333333335,0.33764078226804706,4,23,2000,2022,2003,FALSE
DE,DE7,NUTS1,m3,10,ips_acu,5133.333333333336,0.28190122238698434,2,23,2000,2022,2001,FALSE
DE,DE7,NUTS1,m3,11,tet_spp,3592.8571428571427,0.19730470527920183,6,23,2000,2022,2005,TRUE
DE,DE7,NUTS1,m3,12,pis_pin,3068.333333333337,0.16850004883585668,6,23,2000,2022,2003,TRUE
DE,DE7,NUTS1,m3,13,agr_vir,2657.142857142857,0.14591918561404188,2,23,2000,2022,2000,FALSE
DE,DE7,NUTS1,m3,14,CambXyl_con&BB_con&SM,0,0,0,23,2000,2022,NA,FALSE
DE,DE7,NUTS1,m3,14,CambXyl_con&BO,0,0,0,23,2000,2022,NA,FALSE
DE,DE7,NUTS1,m3,14,CambXyl_con&MD,0,0,0,23,2000,2022,NA,FALSE
DE,DE7,NUTS1,m3,14,den_mic,0,0,0,23,2000,2022,NA,FALSE
DE,DE7,NUTS1,m3,14,ips_ami,0,0,0,23,2000,2022,NA,FALSE
DE,DE7,NUTS1,m3,14,ips_sex,0,0,0,23,2000,2022,NA,FALSE
DE,DE7,NUTS1,m3,14,pit_bid,0,0,0,23,2000,2022,NA,FALSE
DE,DE7,NUTS1,m3,14,pit_spp,0,0,0,23,2000,2022,NA,FALSE
DE,DE7,NUTS1,m3,14,sap_car,0,0,0,23,2000,2022,NA,FALSE
DE,DE7,NUTS1,m3,14,sco_int,0,0,0,23,2000,2022,NA,FALSE
DE,DE7,NUTS1,m3,14,sco_rat,0,0,0,23,2000,2022,NA,FALSE
DE,DE7,NUTS1,m3,14,sco_sco,0,0,0,23,2000,2022,NA,FALSE
DE,DE7,NUTS1,m3,14,uro_sir_spp,0,0,0,23,2000,2022,NA,FALSE
DE,DE7,NUTS1,m3,14,xyl_lin,0,0,0,23,2000,2022,NA,FALSE
DE,DE8,NUTS1,ha,1,geo_db,21124,44.725809866610206,5,23,2000,2022,2013,FALSE
DE,DE8,NUTS1,ha,2,bup_pin,11512,24.374338344272708,6,23,2000,2022,2007,TRUE
DE,DE8,NUTS1,ha,3,dip_sp,4850,10.26889688757146,4,23,2000,2022,2013,FALSE
DE,DE8,NUTS1,ha,4,tor_vir,3236,6.851577387253864,8,23,2000,2022,2004,TRUE
DE,DE8,NUTS1,ha,5,ope_spp,2406,5.094219775566377,5,23,2000,2022,2004,FALSE
DE,DE8,NUTS1,ha,6,Def_dec&DB,1950,4.128731738301926,5,23,2000,2022,2019,FALSE
DE,DE8,NUTS1,ha,7,era_def,930,1.969087444420919,2,23,2000,2022,2010,FALSE
DE,DE8,NUTS1,ha,8,lym_mon,578,1.2237984331992378,1,23,2000,2022,2005,FALSE
DE,DE8,NUTS1,ha,9,den_pin,302,0.6394240948549651,1,23,2000,2022,2005,FALSE
DE,DE8,NUTS1,ha,10,tha_pro,154,0.3260639424094855,5,23,2000,2022,2010,FALSE
DE,DE8,NUTS1,ha,11,pri_abi,128,0.2710141858987931,1,23,2000,2022,2002,FALSE
DE,DE8,NUTS1,ha,12,mel_spp,60,0.1270378996400593,3,23,2000,2022,2000,FALSE
DE,DE8,NUTS1,ha,13,Def_dec,0,0,0,23,2000,2022,NA,FALSE
DE,DE8,NUTS1,ha,13,lym_dis,0,0,0,23,2000,2022,NA,FALSE
DE,DE8,NUTS1,ha,13,neo_ser,0,0,0,23,2000,2022,NA,FALSE
DE,DE8,NUTS1,ha,13,pan_fla,0,0,0,23,2000,2022,NA,FALSE
DE,DE8,NUTS1,ha,13,tha_pit,0,0,0,23,2000,2022,NA,FALSE
DE,DE8,NUTS1,ha,13,zei_gri,0,0,0,23,2000,2022,NA,FALSE
DE,DE8,NUTS1,m3,1,ips_typ,1928342,82.68756564412695,22,23,2000,2022,2010,TRUE
DE,DE8,NUTS1,m3,2,pit_cha,150816,6.467010468155882,20,23,2000,2022,2020,TRUE
DE,DE8,NUTS1,m3,3,pha_cya,86932,3.727655911957134,22,23,2000,2022,2020,TRUE
DE,DE8,NUTS1,m3,4,tom_spp,62758,2.691071523979729,6,23,2000,2022,2020,TRUE
DE,DE8,NUTS1,m3,5,xyl_lin,49526,2.123681575203481,7,23,2000,2022,2018,TRUE
DE,DE8,NUTS1,m3,6,ips_cem,39008.8,1.67270261742918,18,23,2000,2022,2008,TRUE
DE,DE8,NUTS1,m3,7,tet_gab,6052,0.25951057814342904,3,23,2000,2022,2006,FALSE
DE,DE8,NUTS1,m3,8,agr_big,4996,0.21422915538740442,5,23,2000,2022,2021,FALSE
DE,DE8,NUTS1,m3,9,xyl_spp,1148,0.04922639519310254,4,23,2000,2022,2017,FALSE
DE,DE8,NUTS1,m3,10,agr_vir,1034,0.04433805978194079,1,23,2000,2022,2010,FALSE
DE,DE8,NUTS1,m3,11,ips_sex,813.4000000000001,0.03487870195999095,1,23,2000,2022,2017,FALSE
DE,DE8,NUTS1,m3,12,pis_pin,656,0.02812936868177288,3,23,2000,2022,2020,FALSE
DE,DE8,NUTS1,m3,13,CambXyl_con&BB_con&BO,0,0,0,23,2000,2022,NA,FALSE
DE,DE8,NUTS1,m3,13,CambXyl_con&BB_con&SM,0,0,0,23,2000,2022,NA,FALSE
DE,DE8,NUTS1,m3,13,CambXyl_con&BO,0,0,0,23,2000,2022,NA,FALSE
DE,DE8,NUTS1,m3,13,CambXyl_con&MD,0,0,0,23,2000,2022,NA,FALSE
DE,DE8,NUTS1,m3,13,den_mic,0,0,0,23,2000,2022,NA,FALSE
DE,DE8,NUTS1,m3,13,ips_acu,0,0,0,23,2000,2022,NA,FALSE
DE,DE8,NUTS1,m3,13,ips_ami,0,0,0,23,2000,2022,NA,FALSE
DE,DE8,NUTS1,m3,13,pit_bid,0,0,0,23,2000,2022,NA,FALSE
DE,DE8,NUTS1,m3,13,pit_spp,0,0,0,23,2000,2022,NA,FALSE
DE,DE8,NUTS1,m3,13,sap_car,0,0,0,23,2000,2022,NA,FALSE
DE,DE8,NUTS1,m3,13,sco_int,0,0,0,23,2000,2022,NA,FALSE
DE,DE8,NUTS1,m3,13,sco_rat,0,0,0,23,2000,2022,NA,FALSE
DE,DE8,NUTS1,m3,13,sco_sco,0,0,0,23,2000,2022,NA,FALSE
DE,DE8,NUTS1,m3,13,tet_spp,0,0,0,23,2000,2022,NA,FALSE
DE,DE8,NUTS1,m3,13,uro_sir_spp,0,0,0,23,2000,2022,NA,FALSE
DE,DE9,NUTS1,ha,1,den_pin,9090.90909090909,46.87529297058107,1,23,2000,2022,2004,FALSE
DE,DE9,NUTS1,ha,1,lym_mon,9090.90909090909,46.87529297058107,1,23,2000,2022,2004,FALSE
DE,DE9,NUTS1,ha,3,era_def,1212,6.249414058837869,1,23,2000,2022,2009,FALSE
DE,DE9,NUTS1,ha,4,Def_dec,0,0,0,23,2000,2022,NA,FALSE
DE,DE9,NUTS1,ha,4,Def_dec&DB,0,0,0,23,2000,2022,NA,FALSE
DE,DE9,NUTS1,ha,4,bup_pin,0,0,0,23,2000,2022,NA,FALSE
DE,DE9,NUTS1,ha,4,dip_sp,0,0,0,23,2000,2022,NA,FALSE
DE,DE9,NUTS1,ha,4,geo_db,0,0,0,23,2000,2022,NA,FALSE
DE,DE9,NUTS1,ha,4,lym_dis,0,0,0,23,2000,2022,NA,FALSE
DE,DE9,NUTS1,ha,4,mel_spp,0,0,0,23,2000,2022,NA,FALSE
DE,DE9,NUTS1,ha,4,neo_ser,0,0,0,23,2000,2022,NA,FALSE
DE,DE9,NUTS1,ha,4,ope_spp,0,0,0,23,2000,2022,NA,FALSE
DE,DE9,NUTS1,ha,4,pan_fla,0,0,0,23,2000,2022,NA,FALSE
DE,DE9,NUTS1,ha,4,pri_abi,0,0,0,23,2000,2022,NA,FALSE
DE,DE9,NUTS1,ha,4,tha_pit,0,0,0,23,2000,2022,NA,FALSE
DE,DE9,NUTS1,ha,4,tha_pro,0,0,0,23,2000,2022,NA,FALSE
DE,DE9,NUTS1,ha,4,tor_vir,0,0,0,23,2000,2022,NA,FALSE
DE,DE9,NUTS1,ha,4,zei_gri,0,0,0,23,2000,2022,NA,FALSE
DE,DE9,NUTS1,m3,1,tet_gab,151.515151515152,100,1,23,2000,2022,2016,FALSE
DE,DE9,NUTS1,m3,2,CambXyl_con&BB_con&BO,0,0,0,23,2000,2022,NA,FALSE
DE,DE9,NUTS1,m3,2,CambXyl_con&BB_con&SM,0,0,0,23,2000,2022,NA,FALSE
DE,DE9,NUTS1,m3,2,CambXyl_con&BO,0,0,0,23,2000,2022,NA,FALSE
DE,DE9,NUTS1,m3,2,CambXyl_con&MD,0,0,0,23,2000,2022,NA,FALSE
DE,DE9,NUTS1,m3,2,agr_big,0,0,0,23,2000,2022,NA,FALSE
DE,DE9,NUTS1,m3,2,agr_vir,0,0,0,23,2000,2022,NA,FALSE
DE,DE9,NUTS1,m3,2,den_mic,0,0,0,23,2000,2022,NA,FALSE
DE,DE9,NUTS1,m3,2,ips_acu,0,0,0,23,2000,2022,NA,FALSE
DE,DE9,NUTS1,m3,2,ips_ami,0,0,0,23,2000,2022,NA,FALSE
DE,DE9,NUTS1,m3,2,ips_cem,0,0,0,23,2000,2022,NA,FALSE
DE,DE9,NUTS1,m3,2,ips_sex,0,0,0,23,2000,2022,NA,FALSE
DE,DE9,NUTS1,m3,2,ips_typ,0,0,0,23,2000,2022,NA,FALSE
DE,DE9,NUTS1,m3,2,pha_cya,0,0,0,23,2000,2022,NA,FALSE
DE,DE9,NUTS1,m3,2,pis_pin,0,0,0,23,2000,2022,NA,FALSE
DE,DE9,NUTS1,m3,2,pit_bid,0,0,0,23,2000,2022,NA,FALSE
DE,DE9,NUTS1,m3,2,pit_cha,0,0,0,23,2000,2022,NA,FALSE
DE,DE9,NUTS1,m3,2,pit_spp,0,0,0,23,2000,2022,NA,FALSE
DE,DE9,NUTS1,m3,2,sap_car,0,0,0,23,2000,2022,NA,FALSE
DE,DE9,NUTS1,m3,2,sco_int,0,0,0,23,2000,2022,NA,FALSE
DE,DE9,NUTS1,m3,2,sco_rat,0,0,0,23,2000,2022,NA,FALSE
DE,DE9,NUTS1,m3,2,sco_sco,0,0,0,23,2000,2022,NA,FALSE
DE,DE9,NUTS1,m3,2,tet_spp,0,0,0,23,2000,2022,NA,FALSE
DE,DE9,NUTS1,m3,2,tom_spp,0,0,0,23,2000,2022,NA,FALSE
DE,DE9,NUTS1,m3,2,uro_sir_spp,0,0,0,23,2000,2022,NA,FALSE
DE,DE9,NUTS1,m3,2,xyl_lin,0,0,0,23,2000,2022,NA,FALSE
DE,DE9,NUTS1,m3,2,xyl_spp,0,0,0,23,2000,2022,NA,FALSE
DE,DEA,NUTS1,ha,1,Def_dec&DB,221570.11764705877,71.46350519305358,22,23,2000,2022,2010,TRUE
DE,DEA,NUTS1,ha,2,tha_pro,62329.7647058823,20.10335830049037,19,23,2000,2022,2020,TRUE
DE,DEA,NUTS1,ha,3,ope_spp,22341.1764705882,7.205749573451112,1,23,2000,2022,2006,FALSE
DE,DEA,NUTS1,ha,4,mel_spp,2311.7647058823486,0.7456186367473107,7,23,2000,2022,2020,TRUE
DE,DEA,NUTS1,ha,5,era_def,588.235294117647,0.18972484395605901,1,23,2000,2022,2001,FALSE
DE,DEA,NUTS1,ha,6,bup_pin,482.3529411764707,0.15557437204396846,7,23,2000,2022,2011,TRUE
DE,DEA,NUTS1,ha,7,pri_abi,164.70588235294136,0.053122956307696596,3,23,2000,2022,2021,FALSE
DE,DEA,NUTS1,ha,8,Def_dec,129,0.041606658279563745,1,23,2000,2022,2014,FALSE
DE,DEA,NUTS1,ha,9,lym_dis,70.58823529411764,0.022766981274727083,5,23,2000,2022,2008,FALSE
DE,DEA,NUTS1,ha,10,lym_mon,58.8235294117647,0.018972484395605903,1,23,2000,2022,2010,FALSE
DE,DEA,NUTS1,ha,11,den_pin,0,0,0,23,2000,2022,NA,FALSE
DE,DEA,NUTS1,ha,11,dip_sp,0,0,0,23,2000,2022,NA,FALSE
DE,DEA,NUTS1,ha,11,geo_db,0,0,0,23,2000,2022,NA,FALSE
DE,DEA,NUTS1,ha,11,neo_ser,0,0,0,23,2000,2022,NA,FALSE
DE,DEA,NUTS1,ha,11,pan_fla,0,0,0,23,2000,2022,NA,FALSE
DE,DEA,NUTS1,ha,11,tha_pit,0,0,0,23,2000,2022,NA,FALSE
DE,DEA,NUTS1,ha,11,tor_vir,0,0,0,23,2000,2022,NA,FALSE
DE,DEA,NUTS1,ha,11,zei_gri,0,0,0,23,2000,2022,NA,FALSE
DE,DEA,NUTS1,m3,1,ips_typ,8982458.823529413,73.97221254722515,18,23,2000,2022,2009,TRUE
DE,DEA,NUTS1,m3,2,xyl_lin,999388.235294118,8.230147269333674,23,23,2000,2022,2021,TRUE
DE,DEA,NUTS1,m3,3,pit_cha,898347.0588235289,7.398054461702265,18,23,2000,2022,2008,TRUE
DE,DEA,NUTS1,m3,4,tet_spp,352105.8823529415,2.8996571740816455,18,23,2000,2022,2021,TRUE
DE,DEA,NUTS1,m3,5,tom_spp,292077.0588235296,2.4053086910754335,23,23,2000,2022,2005,TRUE
DE,DEA,NUTS1,m3,6,ips_cem,275900,2.2720876146204567,20,23,2000,2022,2020,TRUE
DE,DEA,NUTS1,m3,7,xyl_spp,79235.29411764702,0.6525173265875858,10,23,2000,2022,2004,TRUE
DE,DEA,NUTS1,m3,8,pha_cya,67028.82352941172,0.5519947798613868,10,23,2000,2022,2010,TRUE
DE,DEA,NUTS1,m3,9,sco_int,66611.76470588238,0.5485602231832093,5,23,2000,2022,2015,FALSE
DE,DEA,NUTS1,m3,10,tet_gab,62235.294117647,0.512519177082157,19,23,2000,2022,2022,TRUE
DE,DEA,NUTS1,m3,11,uro_sir_spp,32288.23529411768,0.265899599527785,10,23,2000,2022,2021,TRUE
DE,DEA,NUTS1,m3,12,agr_big,31370.58823529413,0.2583426059904676,6,23,2000,2022,2017,TRUE
DE,DEA,NUTS1,m3,13,pit_spp,3529.411764705884,0.029065359758912536,2,23,2000,2022,2020,FALSE
DE,DEA,NUTS1,m3,14,ips_sex,441.176470588236,0.003633169969864071,3,23,2000,2022,2008,FALSE
DE,DEA,NUTS1,m3,15,CambXyl_con&BB_con&BO,0,0,0,23,2000,2022,NA,FALSE
DE,DEA,NUTS1,m3,15,CambXyl_con&BB_con&SM,0,0,0,23,2000,2022,NA,FALSE
DE,DEA,NUTS1,m3,15,CambXyl_con&BO,0,0,0,23,2000,2022,NA,FALSE
DE,DEA,NUTS1,m3,15,CambXyl_con&MD,0,0,0,23,2000,2022,NA,FALSE
DE,DEA,NUTS1,m3,15,agr_vir,0,0,0,23,2000,2022,NA,FALSE
DE,DEA,NUTS1,m3,15,den_mic,0,0,0,23,2000,2022,NA,FALSE
DE,DEA,NUTS1,m3,15,ips_acu,0,0,0,23,2000,2022,NA,FALSE
DE,DEA,NUTS1,m3,15,ips_ami,0,0,0,23,2000,2022,NA,FALSE
DE,DEA,NUTS1,m3,15,pis_pin,0,0,0,23,2000,2022,NA,FALSE
DE,DEA,NUTS1,m3,15,pit_bid,0,0,0,23,2000,2022,NA,FALSE
DE,DEA,NUTS1,m3,15,sap_car,0,0,0,23,2000,2022,NA,FALSE
DE,DEA,NUTS1,m3,15,sco_rat,0,0,0,23,2000,2022,NA,FALSE
DE,DEA,NUTS1,m3,15,sco_sco,0,0,0,23,2000,2022,NA,FALSE
DE,DEB; DEC,NUTS1 (merged),ha,1,mel_spp,128685.71428571423,39.50270791764422,23,23,2000,2022,2018,TRUE
DE,DEB; DEC,NUTS1 (merged),ha,2,Def_dec&DB,79071.42857142854,24.272589734032056,12,23,2000,2022,2005,TRUE
DE,DEB; DEC,NUTS1 (merged),ha,3,ope_spp,60335.7142857142,18.521279628127242,2,23,2000,2022,2006,FALSE
DE,DEB; DEC,NUTS1 (merged),ha,4,tha_pro,37950.000000000015,11.649527484815938,17,23,2000,2022,2020,TRUE
DE,DEB; DEC,NUTS1 (merged),ha,5,tor_vir,9628.571428571435,2.955686627052868,3,23,2000,2022,2004,FALSE
DE,DEB; DEC,NUTS1 (merged),ha,6,era_def,7885.714285714286,2.420681035805908,2,23,2000,2022,2004,FALSE
DE,DEB; DEC,NUTS1 (merged),ha,7,geo_db,1142.85714285714,0.3508233385225945,1,23,2000,2022,2013,FALSE
DE,DEB; DEC,NUTS1 (merged),ha,8,lym_dis,700.0000000000005,0.2148792948450898,9,23,2000,2022,2005,TRUE
DE,DEB; DEC,NUTS1 (merged),ha,9,dip_sp,364.285714285714,0.11182493915407718,1,23,2000,2022,2006,FALSE
DE,DEB; DEC,NUTS1 (merged),ha,10,Def_dec,0,0,0,23,2000,2022,NA,FALSE
DE,DEB; DEC,NUTS1 (merged),ha,10,bup_pin,0,0,0,23,2000,2022,NA,FALSE
DE,DEB; DEC,NUTS1 (merged),ha,10,den_pin,0,0,0,23,2000,2022,NA,FALSE
DE,DEB; DEC,NUTS1 (merged),ha,10,lym_mon,0,0,0,23,2000,2022,NA,FALSE
DE,DEB; DEC,NUTS1 (merged),ha,10,neo_ser,0,0,0,23,2000,2022,NA,FALSE
DE,DEB; DEC,NUTS1 (merged),ha,10,pan_fla,0,0,0,23,2000,2022,NA,FALSE
DE,DEB; DEC,NUTS1 (merged),ha,10,pri_abi,0,0,0,23,2000,2022,NA,FALSE
DE,DEB; DEC,NUTS1 (merged),ha,10,tha_pit,0,0,0,23,2000,2022,NA,FALSE
DE,DEB; DEC,NUTS1 (merged),ha,10,zei_gri,0,0,0,23,2000,2022,NA,FALSE
DE,DEB; DEC,NUTS1 (merged),m3,1,ips_typ,35008564.285714276,74.50093657449055,23,23,2000,2022,2020,TRUE
DE,DEB; DEC,NUTS1 (merged),m3,2,CambXyl_con&BB_con&SM,5338985.714285716,11.361775159526392,8,23,2000,2022,2005,TRUE
DE,DEB; DEC,NUTS1 (merged),m3,3,agr_big,2496164.2857142845,5.312030953677087,23,23,2000,2022,2000,TRUE
DE,DEB; DEC,NUTS1 (merged),m3,4,pit_cha,985028.5714285711,2.0962171006254886,20,23,2000,2022,2018,TRUE
DE,DEB; DEC,NUTS1 (merged),m3,5,xyl_lin,832957.1428571427,1.7725973211244108,3,23,2000,2022,2020,FALSE
DE,DEB; DEC,NUTS1 (merged),m3,6,pit_spp,621314.2857142863,1.3222049272015874,14,23,2000,2022,2021,TRUE
DE,DEB; DEC,NUTS1 (merged),m3,7,CambXyl_con&BO,414050.00000000076,0.8811304724442943,5,23,2000,2022,2021,FALSE
DE,DEB; DEC,NUTS1 (merged),m3,8,sco_int,345857.1428571426,0.7360107902039543,6,23,2000,2022,2012,TRUE
DE,DEB; DEC,NUTS1 (merged),m3,9,pha_cya,339977.8571428571,0.723499214792619,23,23,2000,2022,2020,TRUE
DE,DEB; DEC,NUTS1 (merged),m3,10,ips_cem,196779.99999999997,0.41876308264119766,23,23,2000,2022,2020,TRUE
DE,DEB; DEC,NUTS1 (merged),m3,11,agr_vir,151257.1428571428,0.32188691642624834,7,23,2000,2022,2019,TRUE
DE,DEB; DEC,NUTS1 (merged),m3,12,tet_gab,120071.42857142864,0.2555213007709312,21,23,2000,2022,2020,TRUE
DE,DEB; DEC,NUTS1 (merged),m3,13,tom_spp,82355.71428571432,0.17525933929974313,17,23,2000,2022,2007,TRUE
DE,DEB; DEC,NUTS1 (merged),m3,14,CambXyl_con&BB_con&BO,22154.285714285696,0.047146036077996376,9,23,2000,2022,2005,TRUE
DE,DEB; DEC,NUTS1 (merged),m3,15,xyl_spp,14378.57142857144,0.03059871376870224,4,23,2000,2022,2020,FALSE
DE,DEB; DEC,NUTS1 (merged),m3,16,ips_sex,10657.85714285714,0.022680745560993816,2,23,2000,2022,2006,FALSE
DE,DEB; DEC,NUTS1 (merged),m3,17,tet_spp,7885.714285714287,0.016781410829929087,21,23,2000,2022,2005,TRUE
DE,DEB; DEC,NUTS1 (merged),m3,18,ips_acu,2330.7142857142876,0.00495994053786763,2,23,2000,2022,2000,FALSE
DE,DEB; DEC,NUTS1 (merged),m3,19,CambXyl_con&MD,0,0,0,23,2000,2022,NA,FALSE
DE,DEB; DEC,NUTS1 (merged),m3,19,den_mic,0,0,0,23,2000,2022,NA,FALSE
DE,DEB; DEC,NUTS1 (merged),m3,19,ips_ami,0,0,0,23,2000,2022,NA,FALSE
DE,DEB; DEC,NUTS1 (merged),m3,19,pis_pin,0,0,0,23,2000,2022,NA,FALSE
DE,DEB; DEC,NUTS1 (merged),m3,19,pit_bid,0,0,0,23,2000,2022,NA,FALSE
DE,DEB; DEC,NUTS1 (merged),m3,19,sap_car,0,0,0,23,2000,2022,NA,FALSE
DE,DEB; DEC,NUTS1 (merged),m3,19,sco_rat,0,0,0,23,2000,2022,NA,FALSE
DE,DEB; DEC,NUTS1 (merged),m3,19,sco_sco,0,0,0,23,2000,2022,NA,FALSE
DE,DEB; DEC,NUTS1 (merged),m3,19,uro_sir_spp,0,0,0,23,2000,2022,NA,FALSE
DE,DED,NUTS1,ha,1,geo_db,29066.666666666668,28.331004905942365,14,23,2000,2022,2012,TRUE
DE,DED,NUTS1,ha,2,tor_vir,27400.000000000007,26.706520679684207,20,23,2000,2022,2012,TRUE
DE,DED,NUTS1,ha,3,lym_mon,22243.333333333332,21.68036648364144,12,23,2000,2022,2003,TRUE
DE,DED,NUTS1,ha,4,neo_ser,5110.000000000004,4.980668637707531,11,23,2000,2022,2002,TRUE
DE,DED,NUTS1,ha,5,ope_spp,5000.000000000001,4.87345267877449,8,23,2000,2022,2004,TRUE
DE,DED,NUTS1,ha,6,bup_pin,4066.6666666666633,3.963741512069914,7,23,2000,2022,2006,TRUE
DE,DED,NUTS1,ha,7,lym_dis,2806.6666666666665,2.7356314370187462,12,23,2000,2022,2003,TRUE
DE,DED,NUTS1,ha,8,dip_sp,2193.3333333333335,2.1378212417557427,9,23,2000,2022,2008,TRUE
DE,DED,NUTS1,ha,9,pri_abi,1586.6666666666663,1.5465089833977708,15,23,2000,2022,2001,TRUE
DE,DED,NUTS1,ha,10,pan_fla,1219.9999999999968,1.1891224536209721,5,23,2000,2022,2001,FALSE
DE,DED,NUTS1,ha,11,mel_spp,1103.3333333333328,1.0754085577829033,5,23,2000,2022,2001,FALSE
DE,DED,NUTS1,ha,12,den_pin,383.3333333333329,0.3736313720393771,4,23,2000,2022,2013,FALSE
DE,DED,NUTS1,ha,13,Def_dec&DB,300,0.29240716072646933,1,23,2000,2022,2006,FALSE
DE,DED,NUTS1,ha,14,zei_gri,113.3333333333332,0.11046492738555494,4,23,2000,2022,2002,FALSE
DE,DED,NUTS1,ha,15,Def_dec,3.33333333333333,0.0032489684525163222,1,23,2000,2022,2017,FALSE
DE,DED,NUTS1,ha,16,era_def,0,0,0,23,2000,2022,NA,FALSE
DE,DED,NUTS1,ha,16,tha_pit,0,0,0,23,2000,2022,NA,FALSE
DE,DED,NUTS1,ha,16,tha_pro,0,0,0,23,2000,2022,NA,FALSE
DE,DED,NUTS1,m3,1,ips_typ,21089333.333333332,75.20623110988458,23,23,2000,2022,2019,TRUE
DE,DED,NUTS1,m3,2,xyl_lin,1748333.3333333337,6.2346949827929565,22,23,2000,2022,2018,TRUE
DE,DED,NUTS1,m3,3,pha_cya,1184133.3333333335,4.2227131471637165,23,23,2000,2022,2020,TRUE
DE,DED,NUTS1,m3,4,ips_sex,1100783.3333333333,3.92548045308414,22,23,2000,2022,2020,TRUE
DE,DED,NUTS1,m3,5,ips_acu,952800.0000000003,3.3977601789924474,20,23,2000,2022,2020,TRUE
DE,DED,NUTS1,m3,6,xyl_spp,589700,2.102916853014112,22,23,2000,2022,2004,TRUE
DE,DED,NUTS1,m3,7,ips_cem,551766.6666666666,1.9676435853226268,23,23,2000,2022,2019,TRUE
DE,DED,NUTS1,m3,8,pit_cha,455266.66666666704,1.6235169509053622,23,23,2000,2022,2019,TRUE
DE,DED,NUTS1,m3,9,tom_spp,176493.3333333334,0.6293891896070953,23,23,2000,2022,2020,TRUE
DE,DED,NUTS1,m3,10,pit_bid,130186.6666666666,0.4642559528083156,18,23,2000,2022,2018,TRUE
DE,DED,NUTS1,m3,11,pis_pin,28310.000000000007,0.10095569969277518,22,23,2000,2022,2021,TRUE
DE,DED,NUTS1,m3,12,agr_big,16349.999999999996,0.058305393499712935,10,23,2000,2022,2020,TRUE
DE,DED,NUTS1,m3,13,sco_rat,8260,0.02945581347447272,15,23,2000,2022,2021,TRUE
DE,DED,NUTS1,m3,14,sco_int,4873.333333333337,0.017378692211331374,13,23,2000,2022,2021,TRUE
DE,DED,NUTS1,m3,15,tet_gab,3599.333333333334,0.012835507421200825,8,23,2000,2022,2020,TRUE
DE,DED,NUTS1,m3,16,uro_sir_spp,800.0000000000011,0.0028528632905058366,1,23,2000,2022,2020,FALSE
DE,DED,NUTS1,m3,17,agr_vir,799.9999999999998,0.0028528632905058314,2,23,2000,2022,2020,FALSE
DE,DED,NUTS1,m3,18,sco_sco,180,6.418942403638124e-4,4,23,2000,2022,2008,FALSE
DE,DED,NUTS1,m3,19,tet_spp,33.3333333333333,1.1886930377107624e-4,1,23,2000,2022,2001,FALSE
DE,DED,NUTS1,m3,20,CambXyl_con&BB_con&BO,0,0,0,23,2000,2022,NA,FALSE
DE,DED,NUTS1,m3,20,CambXyl_con&BB_con&SM,0,0,0,23,2000,2022,NA,FALSE
DE,DED,NUTS1,m3,20,CambXyl_con&BO,0,0,0,23,2000,2022,NA,FALSE
DE,DED,NUTS1,m3,20,CambXyl_con&MD,0,0,0,23,2000,2022,NA,FALSE
DE,DED,NUTS1,m3,20,den_mic,0,0,0,23,2000,2022,NA,FALSE
DE,DED,NUTS1,m3,20,ips_ami,0,0,0,23,2000,2022,NA,FALSE
DE,DED,NUTS1,m3,20,pit_spp,0,0,0,23,2000,2022,NA,FALSE
DE,DED,NUTS1,m3,20,sap_car,0,0,0,23,2000,2022,NA,FALSE
DE,DEE,NUTS1,ha,1,tor_vir,39846.66666666674,26.068619305258448,7,23,2000,2022,2005,TRUE
DE,DEE,NUTS1,ha,2,ope_spp,36193.333333333336,23.6785233743095,7,23,2000,2022,2005,TRUE
DE,DEE,NUTS1,ha,3,dip_sp,30050.000000000033,19.659411329839784,5,23,2000,2022,2009,FALSE
DE,DEE,NUTS1,ha,4,lym_mon,13476.6666666667,8.816749862067926,5,23,2000,2022,2004,FALSE
DE,DEE,NUTS1,ha,5,bup_pin,8560,5.6001517798145874,5,23,2000,2022,2006,FALSE
DE,DEE,NUTS1,ha,6,mel_spp,8416.66666666667,5.506379767925171,1,23,2000,2022,2006,FALSE
DE,DEE,NUTS1,ha,7,den_pin,8306.66666666667,5.434415200661198,4,23,2000,2022,2004,FALSE
DE,DEE,NUTS1,ha,8,lym_dis,3333.33333333333,2.180744462544619,1,23,2000,2022,2003,FALSE
DE,DEE,NUTS1,ha,9,pan_fla,1866.66666666667,1.2212168990249903,1,23,2000,2022,2003,FALSE
DE,DEE,NUTS1,ha,10,tha_pro,1779.666666666667,1.1642994685525736,8,23,2000,2022,2003,TRUE
DE,DEE,NUTS1,ha,11,era_def,1000,0.6542233387633865,1,23,2000,2022,2009,FALSE
DE,DEE,NUTS1,ha,12,neo_ser,13.3333333333333,0.008722977850178464,1,23,2000,2022,2002,FALSE
DE,DEE,NUTS1,ha,13,pri_abi,10,0.006542233387633864,2,23,2000,2022,2004,FALSE
DE,DEE,NUTS1,ha,14,Def_dec,0,0,0,23,2000,2022,NA,FALSE
DE,DEE,NUTS1,ha,14,Def_dec&DB,0,0,0,23,2000,2022,NA,FALSE
DE,DEE,NUTS1,ha,14,geo_db,0,0,0,23,2000,2022,NA,FALSE
DE,DEE,NUTS1,ha,14,tha_pit,0,0,0,23,2000,2022,NA,FALSE
DE,DEE,NUTS1,ha,14,zei_gri,0,0,0,23,2000,2022,NA,FALSE
DE,DEE,NUTS1,m3,1,ips_typ,1232683.333333333,69.46103622894408,7,23,2000,2022,2006,TRUE
DE,DEE,NUTS1,m3,2,xyl_lin,279690,15.760379569940948,7,23,2000,2022,2004,TRUE
DE,DEE,NUTS1,m3,3,xyl_spp,85926.66666666667,4.841920990548319,7,23,2000,2022,2001,TRUE
DE,DEE,NUTS1,m3,4,pit_cha,59890.00000000007,3.3747689672271606,7,23,2000,2022,2004,TRUE
DE,DEE,NUTS1,m3,5,pha_cya,51993.3333333333,2.9297960900990234,7,23,2000,2022,2000,TRUE
DE,DEE,NUTS1,m3,6,agr_big,22863.33333333334,1.288336413770305,7,23,2000,2022,2006,TRUE
DE,DEE,NUTS1,m3,7,ips_cem,22213.33333333334,1.2517092668560013,7,23,2000,2022,2004,TRUE
DE,DEE,NUTS1,m3,8,tom_spp,9016.666666666666,0.5080842687343161,7,23,2000,2022,2002,TRUE
DE,DEE,NUTS1,m3,9,ips_sex,5383.33333333333,0.3033479090594899,6,23,2000,2022,2000,TRUE
DE,DEE,NUTS1,m3,10,pis_pin,1846.666666666666,0.1040586635411501,5,23,2000,2022,2004,FALSE
DE,DEE,NUTS1,m3,11,ips_acu,1843.333333333333,0.10387083201851267,5,23,2000,2022,2000,FALSE
DE,DEE,NUTS1,m3,12,sco_sco,523.3333333333333,0.029489549054080452,5,23,2000,2022,2001,FALSE
DE,DEE,NUTS1,m3,13,pit_bid,340,0.019158815309020423,5,23,2000,2022,2003,FALSE
DE,DEE,NUTS1,m3,14,sco_rat,306.66666666666697,0.01728050008264589,2,23,2000,2022,2006,FALSE
DE,DEE,NUTS1,m3,15,tet_gab,90,0.005071451111211289,2,23,2000,2022,2000,FALSE
DE,DEE,NUTS1,m3,16,sco_int,30,0.0016904837037370962,2,23,2000,2022,2000,FALSE
DE,DEE,NUTS1,m3,17,CambXyl_con&BB_con&BO,0,0,0,23,2000,2022,NA,FALSE
DE,DEE,NUTS1,m3,17,CambXyl_con&BB_con&SM,0,0,0,23,2000,2022,NA,FALSE
DE,DEE,NUTS1,m3,17,CambXyl_con&BO,0,0,0,23,2000,2022,NA,FALSE
DE,DEE,NUTS1,m3,17,CambXyl_con&MD,0,0,0,23,2000,2022,NA,FALSE
DE,DEE,NUTS1,m3,17,agr_vir,0,0,0,23,2000,2022,NA,FALSE
DE,DEE,NUTS1,m3,17,den_mic,0,0,0,23,2000,2022,NA,FALSE
DE,DEE,NUTS1,m3,17,ips_ami,0,0,0,23,2000,2022,NA,FALSE
DE,DEE,NUTS1,m3,17,pit_spp,0,0,0,23,2000,2022,NA,FALSE
DE,DEE,NUTS1,m3,17,sap_car,0,0,0,23,2000,2022,NA,FALSE
DE,DEE,NUTS1,m3,17,tet_spp,0,0,0,23,2000,2022,NA,FALSE
DE,DEE,NUTS1,m3,17,uro_sir_spp,0,0,0,23,2000,2022,NA,FALSE
DE,DEF,NUTS1,ha,1,tor_vir,11730,55.81727337615989,6,23,2000,2022,2010,TRUE
DE,DEF,NUTS1,ha,2,era_def,4805,22.864620509160122,5,23,2000,2022,2013,FALSE
DE,DEF,NUTS1,ha,3,ope_spp,4330,20.604330240304545,5,23,2000,2022,2010,FALSE
DE,DEF,NUTS1,ha,4,tha_pro,150,0.7137758743754461,1,23,2000,2022,2010,FALSE
DE,DEF,NUTS1,ha,5,Def_dec,0,0,0,23,2000,2022,NA,FALSE
DE,DEF,NUTS1,ha,5,Def_dec&DB,0,0,0,23,2000,2022,NA,FALSE
DE,DEF,NUTS1,ha,5,bup_pin,0,0,0,23,2000,2022,NA,FALSE
DE,DEF,NUTS1,ha,5,den_pin,0,0,0,23,2000,2022,NA,FALSE
DE,DEF,NUTS1,ha,5,dip_sp,0,0,0,23,2000,2022,NA,FALSE
DE,DEF,NUTS1,ha,5,geo_db,0,0,0,23,2000,2022,NA,FALSE
DE,DEF,NUTS1,ha,5,lym_dis,0,0,0,23,2000,2022,NA,FALSE
DE,DEF,NUTS1,ha,5,lym_mon,0,0,0,23,2000,2022,NA,FALSE
DE,DEF,NUTS1,ha,5,mel_spp,0,0,0,23,2000,2022,NA,FALSE
DE,DEF,NUTS1,ha,5,neo_ser,0,0,0,23,2000,2022,NA,FALSE
DE,DEF,NUTS1,ha,5,pan_fla,0,0,0,23,2000,2022,NA,FALSE
DE,DEF,NUTS1,ha,5,pri_abi,0,0,0,23,2000,2022,NA,FALSE
DE,DEF,NUTS1,ha,5,tha_pit,0,0,0,23,2000,2022,NA,FALSE
DE,DEF,NUTS1,ha,5,zei_gri,0,0,0,23,2000,2022,NA,FALSE
DE,DEF,NUTS1,m3,1,ips_typ,7775735,70.25518517832514,17,23,2000,2022,2018,TRUE
DE,DEF,NUTS1,m3,2,pit_cha,2282475,20.62257828872739,17,23,2000,2022,2018,TRUE
DE,DEF,NUTS1,m3,3,ips_ami,427400,3.8616370214797913,9,23,2000,2022,2000,TRUE
DE,DEF,NUTS1,m3,4,xyl_lin,405925,3.6676064762381477,12,23,2000,2022,2018,TRUE
DE,DEF,NUTS1,m3,5,ips_cem,110325,0.9968065147280252,10,23,2000,2022,2007,TRUE
DE,DEF,NUTS1,m3,6,agr_big,31850,0.2877705641884215,10,23,2000,2022,2000,TRUE
DE,DEF,NUTS1,m3,7,sco_sco,20230,0.18278174296803038,3,23,2000,2022,2000,FALSE
DE,DEF,NUTS1,m3,8,tet_spp,3890,0.035146860115948496,8,23,2000,2022,2018,TRUE
DE,DEF,NUTS1,m3,9,den_mic,2500,0.022587956372717544,1,23,2000,2022,2021,FALSE
DE,DEF,NUTS1,m3,10,sco_int,1800,0.01626332858835663,1,23,2000,2022,2011,FALSE
DE,DEF,NUTS1,m3,11,tet_gab,1615,0.014591819816775533,3,23,2000,2022,2009,FALSE
DE,DEF,NUTS1,m3,12,uro_sir_spp,1500,0.013552773823630525,1,23,2000,2022,2018,FALSE
DE,DEF,NUTS1,m3,13,agr_vir,950,0.008583423421632666,2,23,2000,2022,2021,FALSE
DE,DEF,NUTS1,m3,14,xyl_spp,850,0.007679905166723964,3,23,2000,2022,2011,FALSE
DE,DEF,NUTS1,m3,15,tom_spp,550,0.0049693504019978595,2,23,2000,2022,2009,FALSE
DE,DEF,NUTS1,m3,16,pha_cya,250,0.0022587956372717545,1,23,2000,2022,2008,FALSE
DE,DEF,NUTS1,m3,17,CambXyl_con&BB_con&BO,0,0,0,23,2000,2022,NA,FALSE
DE,DEF,NUTS1,m3,17,CambXyl_con&BB_con&SM,0,0,0,23,2000,2022,NA,FALSE
DE,DEF,NUTS1,m3,17,CambXyl_con&BO,0,0,0,23,2000,2022,NA,FALSE
DE,DEF,NUTS1,m3,17,CambXyl_con&MD,0,0,0,23,2000,2022,NA,FALSE
DE,DEF,NUTS1,m3,17,ips_acu,0,0,0,23,2000,2022,NA,FALSE
DE,DEF,NUTS1,m3,17,ips_sex,0,0,0,23,2000,2022,NA,FALSE
DE,DEF,NUTS1,m3,17,pis_pin,0,0,0,23,2000,2022,NA,FALSE
DE,DEF,NUTS1,m3,17,pit_bid,0,0,0,23,2000,2022,NA,FALSE
DE,DEF,NUTS1,m3,17,pit_spp,0,0,0,23,2000,2022,NA,FALSE
DE,DEF,NUTS1,m3,17,sap_car,0,0,0,23,2000,2022,NA,FALSE
DE,DEF,NUTS1,m3,17,sco_rat,0,0,0,23,2000,2022,NA,FALSE
DE,DEG,NUTS1,ha,1,tor_vir,33725,50.978376703373115,23,23,2000,2022,2009,TRUE
DE,DEG,NUTS1,ha,2,geo_db,23410,35.38632464420947,19,23,2000,2022,2005,TRUE
DE,DEG,NUTS1,ha,3,ope_spp,4005,6.0539184194813735,1,23,2000,2022,2006,FALSE
DE,DEG,NUTS1,ha,4,lym_dis,3357.5,5.075163818578954,8,23,2000,2022,2019,TRUE
DE,DEG,NUTS1,ha,5,era_def,597.5,0.9031750950412286,1,23,2000,2022,2008,FALSE
DE,DEG,NUTS1,ha,6,pri_abi,562.5,0.8502694409383952,13,23,2000,2022,2001,TRUE
DE,DEG,NUTS1,ha,7,pan_fla,116,0.17534445359796239,4,23,2000,2022,2005,FALSE
DE,DEG,NUTS1,ha,8,dip_sp,97.5,0.14738003642932182,6,23,2000,2022,2008,TRUE
DE,DEG,NUTS1,ha,9,den_pin,77.5,0.11714823408484555,6,23,2000,2022,2005,TRUE
DE,DEG,NUTS1,ha,10,tha_pro,75,0.11336925879178603,3,23,2000,2022,2016,FALSE
DE,DEG,NUTS1,ha,11,bup_pin,69.5,0.10505551314705504,6,23,2000,2022,2003,TRUE
DE,DEG,NUTS1,ha,12,lym_mon,62.5,0.09447438232648835,4,23,2000,2022,2003,FALSE
DE,DEG,NUTS1,ha,13,Def_dec,0,0,0,23,2000,2022,NA,FALSE
DE,DEG,NUTS1,ha,13,Def_dec&DB,0,0,0,23,2000,2022,NA,FALSE
DE,DEG,NUTS1,ha,13,mel_spp,0,0,0,23,2000,2022,NA,FALSE
DE,DEG,NUTS1,ha,13,neo_ser,0,0,0,23,2000,2022,NA,FALSE
DE,DEG,NUTS1,ha,13,tha_pit,0,0,0,23,2000,2022,NA,FALSE
DE,DEG,NUTS1,ha,13,zei_gri,0,0,0,23,2000,2022,NA,FALSE
DE,DEG,NUTS1,m3,1,ips_typ,39131977.5,87.66475662327336,23,23,2000,2022,2022,TRUE
DE,DEG,NUTS1,m3,2,xyl_lin,2967610,6.6481385563198865,23,23,2000,2022,2005,TRUE
DE,DEG,NUTS1,m3,3,pit_cha,1431422.5,3.2067202606251506,22,23,2000,2022,2019,TRUE
DE,DEG,NUTS1,m3,4,ips_cem,351601,0.7876682463465983,22,23,2000,2022,2019,TRUE
DE,DEG,NUTS1,m3,5,xyl_spp,311400,0.6976086299877722,22,23,2000,2022,2005,TRUE
DE,DEG,NUTS1,m3,6,pha_cya,167171,0.37450203045499636,23,23,2000,2022,2020,TRUE
DE,DEG,NUTS1,m3,7,ips_acu,116515,0.26102077560380627,13,23,2000,2022,2021,TRUE
DE,DEG,NUTS1,m3,8,agr_big,48615,0.10890893881456501,16,23,2000,2022,2022,TRUE
DE,DEG,NUTS1,m3,9,ips_sex,37245.75,0.08343916708531492,22,23,2000,2022,2020,TRUE
DE,DEG,NUTS1,m3,10,agr_vir,36090,0.08085001752170423,8,23,2000,2022,2020,TRUE
DE,DEG,NUTS1,m3,11,tom_spp,19600,0.04390857144431707,23,23,2000,2022,2003,TRUE
DE,DEG,NUTS1,m3,12,pit_bid,11855,0.02655796502410096,22,23,2000,2022,2022,TRUE
DE,DEG,NUTS1,m3,13,sco_int,5710,0.012791731783012779,11,23,2000,2022,2022,TRUE
DE,DEG,NUTS1,m3,14,pis_pin,1396.5,0.003128485715407591,4,23,2000,2022,2000,FALSE
DE,DEG,NUTS1,m3,15,CambXyl_con&BB_con&BO,0,0,0,23,2000,2022,NA,FALSE
DE,DEG,NUTS1,m3,15,CambXyl_con&BB_con&SM,0,0,0,23,2000,2022,NA,FALSE
DE,DEG,NUTS1,m3,15,CambXyl_con&BO,0,0,0,23,2000,2022,NA,FALSE
DE,DEG,NUTS1,m3,15,CambXyl_con&MD,0,0,0,23,2000,2022,NA,FALSE
DE,DEG,NUTS1,m3,15,den_mic,0,0,0,23,2000,2022,NA,FALSE
DE,DEG,NUTS1,m3,15,ips_ami,0,0,0,23,2000,2022,NA,FALSE
DE,DEG,NUTS1,m3,15,pit_spp,0,0,0,23,2000,2022,NA,FALSE
DE,DEG,NUTS1,m3,15,sap_car,0,0,0,23,2000,2022,NA,FALSE
DE,DEG,NUTS1,m3,15,sco_rat,0,0,0,23,2000,2022,NA,FALSE
DE,DEG,NUTS1,m3,15,sco_sco,0,0,0,23,2000,2022,NA,FALSE
DE,DEG,NUTS1,m3,15,tet_gab,0,0,0,23,2000,2022,NA,FALSE
DE,DEG,NUTS1,m3,15,tet_spp,0,0,0,23,2000,2022,NA,FALSE
DE,DEG,NUTS1,m3,15,uro_sir_spp,0,0,0,23,2000,2022,NA,FALSE
FI,FI196,NUTS3,m3,1,ips_typ,17264.22,100,11,11,2012,2022,2014,TRUE
FI,FI198,NUTS3,m3,1,ips_typ,22281.7262,100,11,11,2012,2022,2022,TRUE
FI,FI199,NUTS3,m3,1,ips_typ,531.92,100,3,11,2012,2022,2022,FALSE
FI,FI19A,NUTS3,m3,1,ips_typ,1370.06,100,2,11,2012,2022,2021,FALSE
FI,FI19B,NUTS3,m3,1,ips_typ,95040.7694,100.00000000000001,11,11,2012,2022,2022,TRUE
FI,FI1B1,NUTS3,m3,1,ips_typ,226295.6894,100,11,11,2012,2022,2022,TRUE
FI,FI1C1,NUTS3,m3,1,ips_typ,43715.04,100,10,11,2012,2022,2014,TRUE
FI,FI1C2,NUTS3,m3,1,ips_typ,37980.3568,100,11,11,2012,2022,2014,TRUE
FI,FI1C5,NUTS3,m3,1,ips_typ,299884.9792,100,11,11,2012,2022,2013,TRUE
FI,FI1C6,NUTS3,m3,1,ips_typ,109793.9732,99.99999999999999,11,11,2012,2022,2013,TRUE
FI,FI1C7,NUTS3,m3,1,ips_typ,157736.13019999999,100,11,11,2012,2022,2022,TRUE
FI,FI1D5,NUTS3,m3,1,ips_typ,195.20000000000002,99.99999999999999,1,11,2012,2022,2014,FALSE
FI,FI1D8,NUTS3,m3,1,ips_typ,0,NA,0,11,2012,2022,NA,FALSE
FI,FI1D9,NUTS3,m3,1,ips_typ,768.6,100,4,11,2012,2022,2013,FALSE
FI,FI1DA,NUTS3,m3,1,ips_typ,98394.54939999999,100,11,11,2012,2022,2013,TRUE
FI,FI1DB,NUTS3,m3,1,ips_typ,49327.894,100,11,11,2012,2022,2022,TRUE
FI,FI1DC,NUTS3,m3,1,ips_typ,38118.412,100,11,11,2012,2022,2022,TRUE
HR,HR,national,ha,1,geo_db,126683,43.01644487757174,21,23,2000,2022,2005,TRUE
HR,HR,national,ha,2,lym_dis,122410,41.56550616470684,16,23,2000,2022,2005,TRUE
HR,HR,national,ha,3,tha_pit,45406,15.41804895772142,23,23,2000,2022,2001,TRUE
HR,HR,national,m3,1,pit_spp,1455291,58.47573983137442,23,23,2000,2022,2006,TRUE
HR,HR,national,m3,2,ips_typ,1002132,40.26714252248857,23,23,2000,2022,2017,TRUE
HR,HR,national,m3,3,CambXyl_con&BB_con&BO,31286,1.2571176461370133,19,23,2000,2022,2018,TRUE
HU,HU,national,ha,1,lym_dis,431588,100,23,23,2000,2022,2005,TRUE
HU,HU,national,m3,1,ips_typ,3860480,100,23,23,2000,2022,2005,TRUE
IT,IT,national,m3,1,ips_typ,312903.58,99.87774771584535,23,23,2000,2022,2022,TRUE
IT,IT,national,m3,2,pit_cha,383,0.12225228415465482,4,23,2000,2022,2002,FALSE
LT,LT,national,ha,1,pan_fla,116829.79999999999,57.438847825547775,3,23,2000,2022,2000,FALSE
LT,LT,national,ha,2,tor_vir,29298.78508619373,14.404616442374381,15,23,2000,2022,2003,TRUE
LT,LT,national,ha,3,den_pin,18979.11159704858,9.330995198887292,5,23,2000,2022,2009,FALSE
LT,LT,national,ha,4,lym_mon,18819.893135048293,9.25271615527126,7,23,2000,2022,2019,TRUE
LT,LT,national,ha,5,dip_sp,11054.844155571836,5.435064608405021,3,23,2000,2022,2011,FALSE
LT,LT,national,ha,6,geo_db,6427.783831340875,3.160191127125999,6,23,2000,2022,2003,TRUE
LT,LT,national,ha,7,lym_dis,1988.3607227527777,0.9775686423882692,8,23,2000,2022,2004,TRUE
LT,LT,national,m3,1,ips_typ,7438016.343770888,83.90379092558965,23,23,2000,2022,2022,TRUE
LT,LT,national,m3,2,ips_acu,1050472.2676316241,11.849746147749089,21,23,2000,2022,2007,TRUE
LT,LT,national,m3,3,pis_pin,321806.4141226544,3.63010470011581,20,23,2000,2022,2007,TRUE
LT,LT,national,m3,4,pit_cha,19903.162225835033,0.2245156080563185,19,23,2000,2022,2003,TRUE
LT,LT,national,m3,5,sco_rat,15184.800000000001,0.17129060028402357,7,23,2000,2022,2009,TRUE
LT,LT,national,m3,6,pha_cya,10100.100164213685,0.11393315816190712,4,23,2000,2022,2004,FALSE
LT,LT,national,m3,7,pol_pol,4152,0.04683621597777158,19,23,2000,2022,2003,TRUE
LT,LT,national,m3,8,tom_spp,3906.8924063523623,0.044071304563062366,18,23,2000,2022,2007,TRUE
LT,LT,national,m3,9,den_mic,1004,0.011325520433931277,5,23,2000,2022,2016,FALSE
LT,LT,national,m3,10,sco_sco,388.8,0.004385819068438726,1,23,2000,2022,2015,FALSE
PL,BIA,NUTS2,ha,1,geo_db,73727.25,41.80889918288,18,20,2003,2022,2003,TRUE
PL,BIA,NUTS2,ha,2,lym_mon,54704.825,31.021752652405905,15,20,2003,2022,2019,TRUE
PL,BIA,NUTS2,ha,3,dip_sp,20035.6625,11.361728445380905,10,20,2003,2022,2022,TRUE
PL,BIA,NUTS2,ha,4,tor_vir,18369.025,10.416619558071165,15,20,2003,2022,2005,TRUE
PL,BIA,NUTS2,ha,5,mel_spp,5155.1375,2.9233509185733095,20,20,2003,2022,2004,TRUE
PL,BIA,NUTS2,ha,6,bup_pin,2149.3125,1.2188219365974422,8,20,2003,2022,2004,TRUE
PL,BIA,NUTS2,ha,7,pan_fla,2095.975,1.1885755601197239,11,20,2003,2022,2004,TRUE
PL,BIA,NUTS2,ha,8,den_pin,106.25,0.060251745971550544,2,20,2003,2022,2008,FALSE
PL,BIA,NUTS2,m3,1,ips_typ,3060495.875,67.39587889241636,20,20,2003,2022,2003,TRUE
PL,BIA,NUTS2,m3,2,pha_cya,784001.39375,17.26467381193926,19,20,2003,2022,2004,TRUE
PL,BIA,NUTS2,m3,3,ips_acu,282609.42875,6.223406798053591,7,20,2003,2022,2019,TRUE
PL,BIA,NUTS2,m3,4,tom_spp,236725.14,5.212978392343139,10,20,2003,2022,2004,TRUE
PL,BIA,NUTS2,m3,5,agr_big,177240.88875,3.9030621052476473,20,20,2003,2022,2006,TRUE
PL,GDA,NUTS2,ha,1,lym_mon,171384.4,63.17736031910788,19,20,2003,2022,2022,TRUE
PL,GDA,NUTS2,ha,2,dip_sp,40143.65,14.798137056664173,17,20,2003,2022,2022,TRUE
PL,GDA,NUTS2,ha,3,bup_pin,27620.4375,10.181710424688006,8,20,2003,2022,2004,TRUE
PL,GDA,NUTS2,ha,4,pan_fla,23716.6875,8.7426726806126,15,20,2003,2022,2017,TRUE
PL,GDA,NUTS2,ha,5,mel_spp,3112.9625,1.1475300757966937,15,20,2003,2022,2011,TRUE
PL,GDA,NUTS2,ha,6,den_pin,2684.8,0.9896967109301712,11,20,2003,2022,2003,TRUE
PL,GDA,NUTS2,ha,7,geo_db,2608.3375,0.9615103712551496,8,20,2003,2022,2014,TRUE
PL,GDA,NUTS2,ha,8,tor_vir,3.75,0.0013823609453173951,1,20,2003,2022,2005,FALSE
PL,GDA,NUTS2,m3,1,ips_typ,1426739.875,72.22713778891986,20,20,2003,2022,2003,TRUE
PL,GDA,NUTS2,m3,2,pha_cya,402863.1462500063,20.39450392053911,20,20,2003,2022,2016,TRUE
PL,GDA,NUTS2,m3,3,tom_spp,135320.3012500027,6.850441496227257,18,20,2003,2022,2016,TRUE
PL,GDA,NUTS2,m3,4,agr_big,5630.7,0.28504799779852724,20,20,2003,2022,2016,TRUE
PL,GDA,NUTS2,m3,5,ips_acu,4797.5125,0.242868796515248,4,20,2003,2022,2019,FALSE
PL,KAT,NUTS2,ha,1,mel_spp,51525.35,64.00427064896193,19,20,2003,2022,2015,TRUE
PL,KAT,NUTS2,ha,2,tor_vir,11249.65,13.974201889091383,12,20,2003,2022,2012,TRUE
PL,KAT,NUTS2,ha,3,geo_db,9223.575,11.457431936920354,9,20,2003,2022,2004,TRUE
PL,KAT,NUTS2,ha,4,lym_mon,4533.2625,5.6311730046043325,11,20,2003,2022,2006,TRUE
PL,KAT,NUTS2,ha,5,dip_sp,3472.2,4.313131857373616,14,20,2003,2022,2006,TRUE
PL,KAT,NUTS2,ha,6,bup_pin,440.4125,0.5470759703172506,6,20,2003,2022,2003,TRUE
PL,KAT,NUTS2,ha,7,pan_fla,58.5375,0.0727146927311238,3,20,2003,2022,2009,FALSE
PL,KAT,NUTS2,ha,8,den_pin,0,0,0,20,2003,2022,NA,FALSE
PL,KAT,NUTS2,m3,1,ips_typ,7720928.01267395,92.55334424035432,20,20,2003,2022,2007,TRUE
PL,KAT,NUTS2,m3,2,pha_cya,431355.7087500063,5.170805029712338,20,20,2003,2022,2016,TRUE
PL,KAT,NUTS2,m3,3,tom_spp,75494.1737500027,0.9049738891174126,11,20,2003,2022,2007,TRUE
PL,KAT,NUTS2,m3,4,agr_big,74382.4375,0.89164713517254,20,20,2003,2022,2007,TRUE
PL,KAT,NUTS2,m3,5,ips_acu,39978.005,0.47922970564339834,4,20,2003,2022,2019,FALSE
PL,KRA,NUTS2,ha,1,geo_db,6447.3625,60.27058071557359,5,20,2003,2022,2004,FALSE
PL,KRA,NUTS2,ha,2,mel_spp,2709.9624999999996,25.332996801781743,8,20,2003,2022,2021,TRUE
PL,KRA,NUTS2,ha,3,tor_vir,1540.0375000000001,14.396422482644672,10,20,2003,2022,2005,TRUE
PL,KRA,NUTS2,ha,4,bup_pin,0,0,0,20,2003,2022,NA,FALSE
PL,KRA,NUTS2,ha,4,den_pin,0,0,0,20,2003,2022,NA,FALSE
PL,KRA,NUTS2,ha,4,dip_sp,0,0,0,20,2003,2022,NA,FALSE
PL,KRA,NUTS2,ha,4,lym_mon,0,0,0,20,2003,2022,NA,FALSE
PL,KRA,NUTS2,ha,4,pan_fla,0,0,0,20,2003,2022,NA,FALSE
PL,KRA,NUTS2,m3,1,ips_typ,813865.25,87.63828286396472,20,20,2003,2022,2016,TRUE
PL,KRA,NUTS2,m3,2,tom_spp,62308.60125,6.7094876224356375,14,20,2003,2022,2004,TRUE
PL,KRA,NUTS2,m3,3,pha_cya,21045.08625,2.2661677982614865,5,20,2003,2022,2013,FALSE
PL,KRA,NUTS2,m3,4,agr_big,18106.78875,1.9497673284742825,20,20,2003,2022,2013,TRUE
PL,KRA,NUTS2,m3,5,ips_acu,13338.35,1.4362943868638742,3,20,2003,2022,2020,FALSE
PL,KRO,NUTS2,ha,1,mel_spp,117316.9875,92.69262415176159,17,20,2003,2022,2019,TRUE
PL,KRO,NUTS2,ha,2,geo_db,5239.1375,4.1394636319561124,10,20,2003,2022,2004,TRUE
PL,KRO,NUTS2,ha,3,tor_vir,3787.7749999999996,2.992736277399202,10,20,2003,2022,2005,TRUE
PL,KRO,NUTS2,ha,4,lym_mon,215,0.1698723656079964,3,20,2003,2022,2004,FALSE
PL,KRO,NUTS2,ha,5,dip_sp,6.7125,0.0053035732750868645,1,20,2003,2022,2022,FALSE
PL,KRO,NUTS2,ha,6,bup_pin,0,0,0,20,2003,2022,NA,FALSE
PL,KRO,NUTS2,ha,6,den_pin,0,0,0,20,2003,2022,NA,FALSE
PL,KRO,NUTS2,ha,6,pan_fla,0,0,0,20,2003,2022,NA,FALSE
PL,KRO,NUTS2,m3,1,tom_spp,93043.75,31.760055352568827,8,20,2003,2022,2004,TRUE
PL,KRO,NUTS2,m3,2,ips_acu,85405.3625,29.15272697420521,6,20,2003,2022,2018,TRUE
PL,KRO,NUTS2,m3,3,ips_typ,55245.8375,18.85791207898459,20,20,2003,2022,2003,TRUE
PL,KRO,NUTS2,m3,4,pha_cya,41684.075,14.228666937012214,6,20,2003,2022,2012,TRUE
PL,KRO,NUTS2,m3,5,agr_big,17579.375,6.000638657229149,20,20,2003,2022,2004,TRUE
PL,LOD,NUTS2,ha,1,mel_spp,283381.15,71.45597257158822,19,20,2003,2022,2007,TRUE
PL,LOD,NUTS2,ha,2,lym_mon,43063.7625,10.858742834621813,17,20,2003,2022,2018,TRUE
PL,LOD,NUTS2,ha,3,den_pin,25026.1,6.310456130105421,12,20,2003,2022,2004,TRUE
PL,LOD,NUTS2,ha,4,dip_sp,17946.4375,4.525283865062027,14,20,2003,2022,2005,TRUE
PL,LOD,NUTS2,ha,5,geo_db,10472.6625,2.6407341643983746,7,20,2003,2022,2004,TRUE
PL,LOD,NUTS2,ha,6,pan_fla,9597.375,2.4200260488717986,8,20,2003,2022,2018,TRUE
PL,LOD,NUTS2,ha,7,tor_vir,6305.2375,1.5898971327392435,12,20,2003,2022,2009,TRUE
PL,LOD,NUTS2,ha,8,bup_pin,788.75,0.19888725261309795,7,20,2003,2022,2003,TRUE
PL,LOD,NUTS2,m3,1,pha_cya,288442.048777281,67.87687256072198,20,20,2003,2022,2003,TRUE
PL,LOD,NUTS2,m3,2,ips_acu,57371.47625,13.500792961877139,6,20,2003,2022,2019,TRUE
PL,LOD,NUTS2,m3,3,ips_typ,52147.3375,12.271436140718652,20,20,2003,2022,2003,TRUE
PL,LOD,NUTS2,m3,4,agr_big,26988.07500551939,6.350898336682221,20,20,2003,2022,2003,TRUE
PL,LOD,NUTS2,m3,5,tom_spp,0,0,0,20,2003,2022,NA,FALSE
PL,LUB,NUTS2,ha,1,mel_spp,325963.275,73.2516453631021,20,20,2003,2022,2019,TRUE
PL,LUB,NUTS2,ha,2,geo_db,75526.0625,16.972489756465613,14,20,2003,2022,2003,TRUE
PL,LUB,NUTS2,ha,3,lym_mon,21139.525,4.750550467516412,12,20,2003,2022,2018,TRUE
PL,LUB,NUTS2,ha,4,den_pin,15653.2375,3.517652110147718,10,20,2003,2022,2008,TRUE
PL,LUB,NUTS2,ha,5,tor_vir,3723,0.8366460169073621,8,20,2003,2022,2008,TRUE
PL,LUB,NUTS2,ha,6,dip_sp,2271.4375,0.5104456451864131,7,20,2003,2022,2010,TRUE
PL,LUB,NUTS2,ha,7,pan_fla,662.025,0.1487726509113877,7,20,2003,2022,2010,TRUE
PL,LUB,NUTS2,ha,8,bup_pin,52.5,0.011797989762996645,1,20,2003,2022,2009,FALSE
PL,LUB,NUTS2,m3,1,pha_cya,682828.26125,40.42216781172532,19,20,2003,2022,2006,TRUE
PL,LUB,NUTS2,m3,2,ips_acu,542570.625,32.11917563768336,8,20,2003,2022,2018,TRUE
PL,LUB,NUTS2,m3,3,agr_big,242458.8875,14.353116873088755,20,20,2003,2022,2006,TRUE
PL,LUB,NUTS2,m3,4,tom_spp,184488.13874999998,10.92135596463695,11,20,2003,2022,2006,TRUE
PL,LUB,NUTS2,m3,5,ips_typ,36896.15,2.1841837128656034,20,20,2003,2022,2017,TRUE
PL,OLS,NUTS2,ha,1,lym_mon,186810.0875,54.84468295308724,18,20,2003,2022,2003,TRUE
PL,OLS,NUTS2,ha,2,dip_sp,49736.4875,14.60189824137675,16,20,2003,2022,2022,TRUE
PL,OLS,NUTS2,ha,3,geo_db,41763.6875,12.261201900509322,15,20,2003,2022,2003,TRUE
PL,OLS,NUTS2,ha,4,bup_pin,26137.1875,7.673492266432855,9,20,2003,2022,2004,TRUE
PL,OLS,NUTS2,ha,5,pan_fla,24213.4125,7.10870033597527,15,20,2003,2022,2009,TRUE
PL,OLS,NUTS2,ha,6,mel_spp,5724.475,1.680621323234882,17,20,2003,2022,2006,TRUE
PL,OLS,NUTS2,ha,7,tor_vir,5220.15,1.5325589509054662,14,20,2003,2022,2005,TRUE
PL,OLS,NUTS2,ha,8,den_pin,1011.1,0.2968440284782079,7,20,2003,2022,2003,TRUE
PL,OLS,NUTS2,m3,1,ips_typ,1202777.3624470562,46.88632682528129,20,20,2003,2022,2003,TRUE
PL,OLS,NUTS2,m3,2,pha_cya,744247.5536262571,29.012047555702782,14,20,2003,2022,2003,TRUE
PL,OLS,NUTS2,m3,3,tom_spp,279698.0586969674,10.903110585472108,11,20,2003,2022,2003,TRUE
PL,OLS,NUTS2,m3,4,ips_acu,173361.0125,6.757909937961992,6,20,2003,2022,2019,TRUE
PL,OLS,NUTS2,m3,5,agr_big,165221.1749982938,6.440605095581841,20,20,2003,2022,2006,TRUE
PL,PIL,NUTS2,ha,1,lym_mon,239282.025,49.05743903391614,19,20,2003,2022,2003,TRUE
PL,PIL,NUTS2,ha,2,den_pin,99637.125,20.42753602240779,14,20,2003,2022,2013,TRUE
PL,PIL,NUTS2,ha,3,pan_fla,67465.1625,13.831662015803301,9,20,2003,2022,2008,TRUE
PL,PIL,NUTS2,ha,4,dip_sp,27314.1125,5.599920883042831,15,20,2003,2022,2012,TRUE
PL,PIL,NUTS2,ha,5,geo_db,24525.337499999998,5.028168117485913,11,20,2003,2022,2013,TRUE
PL,PIL,NUTS2,ha,6,mel_spp,15691.1125,3.216981279070459,16,20,2003,2022,2005,TRUE
PL,PIL,NUTS2,ha,7,bup_pin,10229.4,2.0972246739116396,9,20,2003,2022,2008,TRUE
PL,PIL,NUTS2,ha,8,tor_vir,3614.625,0.7410679743619234,8,20,2003,2022,2013,TRUE
PL,PIL,NUTS2,m3,1,pha_cya,854685.3463848555,74.06758367211432,20,20,2003,2022,2016,TRUE
PL,PIL,NUTS2,m3,2,ips_typ,160311.56250270904,13.892703460403197,20,20,2003,2022,2019,TRUE
PL,PIL,NUTS2,m3,3,agr_big,71377.17499869839,6.18559204724528,20,20,2003,2022,2007,TRUE
PL,PIL,NUTS2,m3,4,ips_acu,67552.24125,5.854120820237203,5,20,2003,2022,2020,FALSE
PL,PIL,NUTS2,m3,5,tom_spp,0,0,0,20,2003,2022,NA,FALSE
PL,POZ,NUTS2,ha,1,dip_sp,125673.6125,22.4561696695592,20,20,2003,2022,2021,TRUE
PL,POZ,NUTS2,ha,2,mel_spp,117183.9625,20.93918438487843,20,20,2003,2022,2021,TRUE
PL,POZ,NUTS2,ha,3,geo_db,86222.3,15.40675532104748,20,20,2003,2022,2003,TRUE
PL,POZ,NUTS2,ha,4,lym_mon,82718.2625,14.780631355457663,20,20,2003,2022,2011,TRUE
PL,POZ,NUTS2,ha,5,tor_vir,57752.3875,10.319568179216061,15,20,2003,2022,2006,TRUE
PL,POZ,NUTS2,ha,6,pan_fla,46202.4625,8.255753267627652,8,20,2003,2022,2018,TRUE
PL,POZ,NUTS2,ha,7,den_pin,42737.375,7.6365891386433855,15,20,2003,2022,2004,TRUE
PL,POZ,NUTS2,ha,8,bup_pin,1149.2125,0.20534868357013533,7,20,2003,2022,2006,TRUE
PL,POZ,NUTS2,m3,1,agr_big,689545.05,45.35303240810833,20,20,2003,2022,2021,TRUE
PL,POZ,NUTS2,m3,2,pha_cya,378595.42,24.901129161642714,20,20,2003,2022,2020,TRUE
PL,POZ,NUTS2,m3,3,ips_typ,239787.1875,15.771378658633903,20,20,2003,2022,2019,TRUE
PL,POZ,NUTS2,m3,4,ips_acu,138433.00875,9.105071136672931,5,20,2003,2022,2019,FALSE
PL,POZ,NUTS2,m3,5,tom_spp,74033.92125,4.869388634942111,10,20,2003,2022,2007,TRUE
PL,RAD,NUTS2,ha,1,mel_spp,188025.675,92.2634136150549,19,20,2003,2022,2019,TRUE
PL,RAD,NUTS2,ha,2,geo_db,7800.3375,3.827593040681935,8,20,2003,2022,2003,TRUE
PL,RAD,NUTS2,ha,3,lym_mon,5708.05,2.800916300847818,9,20,2003,2022,2005,TRUE
PL,RAD,NUTS2,ha,4,den_pin,1290,0.6329976135621947,3,20,2003,2022,2004,FALSE
PL,RAD,NUTS2,ha,5,dip_sp,583.825,0.2864804897193398,5,20,2003,2022,2003,FALSE
PL,RAD,NUTS2,ha,6,tor_vir,338.325,0.16601466481273608,6,20,2003,2022,2018,TRUE
PL,RAD,NUTS2,ha,7,pan_fla,46.025000000000006,0.022584275321085284,3,20,2003,2022,2011,FALSE
PL,RAD,NUTS2,ha,8,bup_pin,0,0,0,20,2003,2022,NA,FALSE
PL,RAD,NUTS2,m3,1,ips_acu,262388.7875,48.29665864988095,7,20,2003,2022,2018,TRUE
PL,RAD,NUTS2,m3,2,pha_cya,150700.861375,27.7387922304851,11,20,2003,2022,2004,TRUE
PL,RAD,NUTS2,m3,3,tom_spp,83660.742375,15.399035741498695,12,20,2003,2022,2004,TRUE
PL,RAD,NUTS2,m3,4,ips_typ,29542.4125,5.4377316416635235,20,20,2003,2022,2007,TRUE
PL,RAD,NUTS2,m3,5,agr_big,16992.7875,3.127781736471738,20,20,2003,2022,2004,TRUE
PL,SZ1,NUTS2,ha,1,den_pin,146207.0375,35.74815645765047,15,20,2003,2022,2013,TRUE
PL,SZ1,NUTS2,ha,2,lym_mon,126504.35,30.93077716162175,15,20,2003,2022,2003,TRUE
PL,SZ1,NUTS2,ha,3,dip_sp,41995.0875,10.2679527885429,14,20,2003,2022,2022,TRUE
PL,SZ1,NUTS2,ha,4,geo_db,33242.0625,8.127806099791847,10,20,2003,2022,2004,TRUE
PL,SZ1,NUTS2,ha,5,pan_fla,28712.625,7.02034203250884,7,20,2003,2022,2008,TRUE
PL,SZ1,NUTS2,ha,6,mel_spp,20935.5875,5.118827864102174,19,20,2003,2022,2011,TRUE
PL,SZ1,NUTS2,ha,7,tor_vir,6957.7249999999995,1.7011892597119758,16,20,2003,2022,2005,TRUE
PL,SZ1,NUTS2,ha,8,bup_pin,4437.35,1.0849483360700425,8,20,2003,2022,2007,TRUE
PL,SZ1,NUTS2,m3,1,pha_cya,694559.50375,47.685912611808995,20,20,2003,2022,2020,TRUE
PL,SZ1,NUTS2,m3,2,ips_typ,529546.5625,36.356728209636636,20,20,2003,2022,2020,TRUE
PL,SZ1,NUTS2,m3,3,agr_big,142195.125,9.762596678852594,20,20,2003,2022,2020,TRUE
PL,SZ1,NUTS2,m3,4,ips_acu,82860.1725,5.688876076853219,5,20,2003,2022,2020,FALSE
PL,SZ1,NUTS2,m3,5,tom_spp,7368.38625,0.5058864228485549,1,20,2003,2022,2011,FALSE
PL,SZ2,NUTS2,ha,1,lym_mon,185338.75,60.17370021605488,18,20,2003,2022,2003,TRUE
PL,SZ2,NUTS2,ha,2,bup_pin,56998.85,18.505745358484827,10,20,2003,2022,2005,TRUE
PL,SZ2,NUTS2,ha,3,pan_fla,31799.575,10.324328253254937,11,20,2003,2022,2017,TRUE
PL,SZ2,NUTS2,ha,4,dip_sp,15891.35,5.159424734052667,11,20,2003,2022,2003,TRUE
PL,SZ2,NUTS2,ha,5,geo_db,12268.5125,3.9832026129016302,7,20,2003,2022,2014,TRUE
PL,SZ2,NUTS2,ha,6,mel_spp,5219,1.6944462041941604,14,20,2003,2022,2005,TRUE
PL,SZ2,NUTS2,ha,7,tor_vir,331.45,0.10761145705693705,5,20,2003,2022,2006,FALSE
PL,SZ2,NUTS2,ha,8,den_pin,158.75,0.051541163999966076,2,20,2003,2022,2003,FALSE
PL,SZ2,NUTS2,m3,1,ips_typ,2178985.1375,59.72112763384835,20,20,2003,2022,2020,TRUE
PL,SZ2,NUTS2,m3,2,pha_cya,1157830.3475,31.733550069425593,20,20,2003,2022,2003,TRUE
PL,SZ2,NUTS2,m3,3,tom_spp,215830.0275,5.915420164055385,9,20,2003,2022,2003,TRUE
PL,SZ2,NUTS2,m3,4,agr_big,95954.6125,2.6299021326706775,20,20,2003,2022,2006,TRUE
PL,SZ2,NUTS2,m3,5,ips_acu,0,0,0,20,2003,2022,NA,FALSE
PL,TOR,NUTS2,ha,1,lym_mon,515382.5625,44.63008867282888,19,20,2003,2022,2011,TRUE
PL,TOR,NUTS2,ha,2,dip_sp,342592.5875,29.667161194998496,19,20,2003,2022,2011,TRUE
PL,TOR,NUTS2,ha,3,pan_fla,125820.075,10.895520168228392,15,20,2003,2022,2018,TRUE
PL,TOR,NUTS2,ha,4,den_pin,66602.325,5.767497557829322,16,20,2003,2022,2013,TRUE
PL,TOR,NUTS2,ha,5,bup_pin,37886.425,3.280814350886156,10,20,2003,2022,2004,TRUE
PL,TOR,NUTS2,ha,6,mel_spp,32587.225,2.8219246190569867,19,20,2003,2022,2011,TRUE
PL,TOR,NUTS2,ha,7,geo_db,26902.9375,2.3296878349169474,14,20,2003,2022,2003,TRUE
PL,TOR,NUTS2,ha,8,tor_vir,7013.0875,0.6073056012548111,11,20,2003,2022,2012,TRUE
PL,TOR,NUTS2,m3,1,pha_cya,607130.125,47.5725239797484,20,20,2003,2022,2020,TRUE
PL,TOR,NUTS2,m3,2,ips_typ,340163.5875,26.65399023542275,20,20,2003,2022,2019,TRUE
PL,TOR,NUTS2,m3,3,tom_spp,206297.71625,16.164744013106674,19,20,2003,2022,2007,TRUE
PL,TOR,NUTS2,m3,4,agr_big,68727.7875,5.385261222079538,20,20,2003,2022,2007,TRUE
PL,TOR,NUTS2,m3,5,ips_acu,53900.90875,4.223480549642641,5,20,2003,2022,2020,FALSE
PL,WAR,NUTS2,ha,1,lym_mon,49836.7125,32.97612629683747,14,20,2003,2022,2003,TRUE
PL,WAR,NUTS2,ha,2,mel_spp,46230.1875,30.589748505712066,20,20,2003,2022,2020,TRUE
PL,WAR,NUTS2,ha,3,geo_db,18010.6375,11.917340191461406,18,20,2003,2022,2003,TRUE
PL,WAR,NUTS2,ha,4,dip_sp,11840.275,7.834513638701335,11,20,2003,2022,2011,TRUE
PL,WAR,NUTS2,ha,5,den_pin,10147.75,6.714597910701523,3,20,2003,2022,2004,FALSE
PL,WAR,NUTS2,ha,6,tor_vir,7055.9,4.668772033023958,16,20,2003,2022,2005,TRUE
PL,WAR,NUTS2,ha,7,bup_pin,5090.025,3.3679851425605194,8,20,2003,2022,2008,TRUE
PL,WAR,NUTS2,ha,8,pan_fla,2918.1875,1.9309162810017293,15,20,2003,2022,2011,TRUE
PL,WAR,NUTS2,m3,1,pha_cya,222146.8125,34.62680827179527,18,20,2003,2022,2007,TRUE
PL,WAR,NUTS2,m3,2,ips_acu,174035.18875,27.127479550902635,7,20,2003,2022,2019,TRUE
PL,WAR,NUTS2,m3,3,agr_big,161511.7,25.17539912733034,20,20,2003,2022,2006,TRUE
PL,WAR,NUTS2,m3,4,ips_typ,75933,11.83594490018726,20,20,2003,2022,2016,TRUE
PL,WAR,NUTS2,m3,5,tom_spp,7919.03625,1.2343681497844883,4,20,2003,2022,2011,FALSE
PL,WRO,NUTS2,ha,1,lym_mon,121129.5125,32.387898179583836,16,20,2003,2022,2018,TRUE
PL,WRO,NUTS2,ha,2,tor_vir,70818.1875,18.935536011611347,16,20,2003,2022,2005,TRUE
PL,WRO,NUTS2,ha,3,mel_spp,57393.7125,15.346067842866189,20,20,2003,2022,2016,TRUE
PL,WRO,NUTS2,ha,4,geo_db,46599.375,12.459852116817894,16,20,2003,2022,2004,TRUE
PL,WRO,NUTS2,ha,5,den_pin,33203.875,8.878131352733952,8,20,2003,2022,2013,TRUE
PL,WRO,NUTS2,ha,6,dip_sp,30028.975,8.029219012478634,18,20,2003,2022,2013,TRUE
PL,WRO,NUTS2,ha,7,pan_fla,8961.575,2.3961673141275464,14,20,2003,2022,2013,TRUE
PL,WRO,NUTS2,ha,8,bup_pin,5861,1.5671281697805963,6,20,2003,2022,2005,TRUE
PL,WRO,NUTS2,m3,1,ips_typ,3879191.187600306,86.15198594552533,20,20,2003,2022,2019,TRUE
PL,WRO,NUTS2,m3,2,pha_cya,464773.74248243973,10.322043692558012,20,20,2003,2022,2020,TRUE
PL,WRO,NUTS2,m3,3,agr_big,148702.14999076576,3.302488822160584,20,20,2003,2022,2020,TRUE
PL,WRO,NUTS2,m3,4,ips_acu,7053.5,0.1566494156846839,2,20,2003,2022,2018,FALSE
PL,WRO,NUTS2,m3,5,tom_spp,3009.27,0.06683212407137573,1,20,2003,2022,2011,FALSE
PL,ZIE,NUTS2,ha,1,den_pin,333153.275,43.6175602387984,20,20,2003,2022,2007,TRUE
PL,ZIE,NUTS2,ha,2,lym_mon,246884.425,32.322948887291005,19,20,2003,2022,2003,TRUE
PL,ZIE,NUTS2,ha,3,pan_fla,91587.175,11.990904554859531,9,20,2003,2022,2018,TRUE
PL,ZIE,NUTS2,ha,4,dip_sp,39970.2375,5.233039482848634,15,20,2003,2022,2021,TRUE
PL,ZIE,NUTS2,ha,5,tor_vir,24745.025,3.2397028621377717,15,20,2003,2022,2005,TRUE
PL,ZIE,NUTS2,ha,6,geo_db,18055.8625,2.3639349493328887,15,20,2003,2022,2004,TRUE
PL,ZIE,NUTS2,ha,7,mel_spp,8591.6,1.1248415029018108,18,20,2003,2022,2022,TRUE
PL,ZIE,NUTS2,ha,8,bup_pin,817.7875,0.10706752182996351,7,20,2003,2022,2006,TRUE
PL,ZIE,NUTS2,m3,1,pha_cya,341151.68875,53.3542675920663,20,20,2003,2022,2019,TRUE
PL,ZIE,NUTS2,m3,2,ips_typ,123490.0625,19.31317374897794,20,20,2003,2022,2019,TRUE
PL,ZIE,NUTS2,m3,3,agr_big,111817.3375,17.487623081295357,20,20,2003,2022,2020,TRUE
PL,ZIE,NUTS2,m3,4,ips_acu,62949.34875,9.844935577660406,6,20,2003,2022,2019,TRUE
PL,ZIE,NUTS2,m3,5,tom_spp,0,0,0,20,2003,2022,NA,FALSE
RO,RO,national,ha,1,lym_dis,356352,70.91017630437378,21,23,2000,2022,2004,TRUE
RO,RO,national,ha,2,tor_vir,95874,19.077884347514626,21,23,2000,2022,2006,TRUE
RO,RO,national,ha,3,geo_db,50221,9.993433358538624,17,23,2000,2022,2006,TRUE
RO,RO,national,ha,4,clo_ana,93,0.018505989572969315,4,23,2000,2022,2022,FALSE
RO,RO,national,m3,1,ips_typ,11546396.323749574,94.87166649277376,22,22,2000,2021,2003,TRUE
RO,RO,national,m3,2,ips_dup,624146,5.128333507226237,7,22,2000,2021,2015,TRUE
RS,RS,national,ha,1,lym_dis,1149148,100,14,23,2000,2022,2004,TRUE
RS,RS,national,m3,1,ips_typ,219513,100,20,20,2003,2022,2016,TRUE
SE,SE,national,m3,1,ips_typ,37900000,100,13,23,2000,2022,2021,TRUE
SI,SI,national,m3,1,ips_typ,14657872.060292639,96.01915519398993,23,23,2000,2022,2016,TRUE
SI,SI,national,m3,2,pit_spp,371931.17991294595,2.436405334870412,23,23,2000,2022,2014,TRUE
SI,SI,national,m3,3,pit_cha,185817.46001322797,1.2172323143068111,9,23,2000,2022,2015,TRUE
SI,SI,national,m3,4,CambXyl_con&BO,49950.03999335528,0.32720715683284735,23,23,2000,2022,2002,TRUE
SK,SK,national,ha,1,lym_dis,51446,100,12,22,2000,2021,2004,TRUE
SK,SK,national,m3,1,ips_typ,35276990,87.59981190258715,22,22,2000,2021,2018,TRUE
SK,SK,national,m3,2,ips_dup,2920264,7.251598764687599,21,21,2000,2021,2012,TRUE
SK,SK,national,m3,3,pit_cha,1100862,2.7336602167788664,22,22,2000,2021,2008,TRUE
SK,SK,national,m3,4,ips_acu,972507,2.4149291159463813,22,22,2000,2021,2019,TRUE
