rank_by_regions,species,guild,host_tree,unit,n_countries_monitored,n_countries_occurring,countries_occurring,n_regions_monitored,n_regions_occurring,n_national_units,n_usable_series,region_years_with_damage,total_damage,pct_of_unit_total,pct_regions_occurring,rank_by_damage_within_unit,is_aggregate
1,ips_typ,borer,Picea abies,m3,16,16,"AT,BG,CH,CZ,DE,FI,HR,HU,IT,LT,PL,RO,RS,SE,SI,SK",77,72,11,68,1289,566391794.1821278,81.2135530837008,93.50649350649351,1,FALSE
2,pha_cya,borer,Pinus sylvestris,m3,5,5,"AT,CZ,DE,LT,PL",50,44,1,38,692,14897744.739767345,2.1361516810066408,88,5,FALSE
3,tom_spp,borer,Pinus sylvestris,m3,5,5,"AT,CZ,DE,LT,PL",50,42,1,37,641,5451826.6937934505,0.7817242784014587,84,10,FALSE
4,ips_acu,borer,Pinus sylvestris,m3,6,6,"BG,CZ,DE,LT,PL,SK",43,34,3,21,352,7280634.350443249,1.0439525967295449,79.06976744186046,8,FALSE
5,lym_mon,defoliator,Picea abies,ha,4,4,"CZ,DE,LT,PL",41,32,1,24,393,2435185.303801588,19.54196917593366,78.04878048780488,1,FALSE
6,dip_sp,defoliator,Pinus sylvestris,ha,4,4,"AT,DE,LT,PL",42,31,1,21,310,975240.6672648157,7.826149011762763,73.80952380952381,4,FALSE
7,tor_vir,defoliator,Quercus spp.,ha,5,5,"BG,DE,LT,PL,RO",35,30,3,25,337,661625.6619292039,5.309439191852425,85.71428571428571,7,FALSE
8,agr_big,borer,Quercus spp.,m3,2,2,"DE,PL",32,28,0,26,486,6799462.82840364,0.9749585728949355,87.5,9,FALSE
8,lym_dis,defoliator,Quercus spp.,ha,10,10,"AT,BG,CZ,DE,HR,HU,LT,RO,RS,SK",39,28,7,17,247,2407298.5650517573,19.318182596647162,71.7948717948718,2,FALSE
8,geo_db,defoliator,Quercus spp.,ha,6,6,"BG,DE,HR,LT,PL,RO",36,28,4,22,309,789910.4421105616,6.338903855642863,77.77777777777777,6,FALSE
11,mel_spp,defoliator,Quercus spp.,ha,2,2,"DE,PL",32,26,0,23,383,1614818.8190826331,12.958660492064782,81.25,3,FALSE
12,pit_cha,borer,Picea abies,m3,6,6,"AT,DE,IT,LT,SI,SK",28,24,4,23,436,28145986.36873766,4.035785089985902,85.71428571428571,2,FALSE
13,pan_fla,defoliator,Pinus sylvestris,ha,4,4,"CZ,DE,LT,PL",41,23,1,15,183,642296.7086134454,5.154327459981367,56.09756097560975,8,FALSE
14,bup_pin,defoliator,Pinus sylvestris,ha,2,2,"DE,PL",32,22,0,19,159,229615.89229691878,1.842630489994321,68.75,13,FALSE
15,pit_spp,borer,Abies alba,m3,5,5,"AT,CZ,DE,HR,SI",34,21,2,18,368,7849191.69812023,1.1254766633049955,61.76470588235294,7,FALSE
15,den_pin,defoliator,Pinus sylvestris,ha,3,3,"DE,LT,PL",33,21,1,12,177,869314.4030408988,6.976107831260368,63.63636363636363,5,FALSE
15,Def_dec&DB,defoliator,Quercus spp.,ha,3,3,"AT,CZ,DE",32,21,0,18,252,419517.40868347324,3.366559520732047,65.625,10,TRUE
18,tet_gab,borer,Larix decidua,m3,3,3,"AT,CZ,DE",32,18,0,10,173,339613.38069773366,0.04869634342259119,56.25,21,FALSE
19,ips_sex,borer,Pinus sylvestris,m3,3,3,"BG,CZ,DE",24,17,1,12,237,1798309.5981792714,0.2578552752932333,70.83333333333333,13,FALSE
20,sco_int,borer,Quercus spp.,m3,2,2,"CZ,DE",23,16,0,12,155,515021.40056022373,0.07384767626098401,69.56521739130434,17,FALSE
21,pri_abi,defoliator,Picea abies,ha,2,2,"CZ,DE",23,15,0,10,158,502774.80633053184,4.034686704296815,65.21739130434783,9,FALSE
22,CambXyl_con&BB_con&BO,borer,Pinus sylvestris,m3,3,3,"AT,DE,HR",25,12,1,9,163,873653.5602240897,0.1252710765212957,48,15,TRUE
22,sco_rat,borer,Betula spp.,m3,3,3,"CZ,DE,LT",24,12,1,10,125,41296.00448179271,0.005921334465958697,50,25,FALSE
24,ips_cem,borer,Larix decidua,m3,1,1,DE,15,11,0,11,194,2893351.7467787107,0.4148707274549104,73.33333333333333,11,FALSE
24,xyl_spp,borer,Quercus spp.,m3,1,1,DE,15,11,0,7,125,1530595.675070028,0.21946842165409494,73.33333333333333,14,FALSE
24,era_def,defoliator,Quercus spp.,ha,1,1,DE,15,11,0,2,41,158854.443977591,1.2747812837174939,73.33333333333333,14,FALSE
27,ips_dup,borer,Picea abies,m3,3,3,"CZ,RO,SK",10,10,2,10,183,15247887.142857142,2.186357755551294,100,4,FALSE
27,xyl_lin,borer,Picea abies,m3,1,1,DE,15,10,0,8,147,12308875.789915968,1.7649400073115737,66.66666666666667,6,FALSE
27,tha_pro,defoliator,Quercus spp.,ha,1,1,DE,15,10,0,6,109,314117.1708683473,2.520739617292333,66.66666666666667,11,FALSE
30,agr_vir,borer,Quercus spp.,m3,1,1,DE,15,9,0,4,57,1954158.873949581,0.2802021269970177,60,12,FALSE
30,CambXyl_con&MD,borer,Larix decidua,m3,2,2,"CZ,DE",23,9,0,8,143,303829.74789915973,0.04356541463501741,39.130434782608695,22,TRUE
30,pol_pol,borer,Picea abies,m3,2,2,"CZ,LT",9,9,1,9,161,273712.00000000006,0.03924690341558509,100,23,FALSE
30,ope_spp,defoliator,Quercus spp.,ha,1,1,DE,15,9,0,3,47,262829.85154061613,2.1091671542628627,60,12,FALSE
34,tet_spp,borer,Picea abies,m3,1,1,DE,15,8,0,5,78,403855.82633053255,0.05790791273241843,53.333333333333336,19,FALSE
34,pis_pin,borer,Pinus sylvestris,m3,2,2,"DE,LT",16,8,1,4,82,365654.5023579486,0.05243031703950223,50,20,FALSE
34,zei_gri,defoliator,Picea abies,ha,2,2,"CZ,DE",23,8,0,5,76,957.6190476190476,0.0076847383571361765,34.78260869565217,18,FALSE
37,cep_spp,defoliator,Picea abies,ha,1,1,CZ,8,7,0,6,96,13771.22857142857,0.11051188746805977,87.5,17,FALSE
38,sco_sco,borer,Ulmus spp.,m3,2,2,"DE,LT",16,6,1,1,28,28819.19215686276,0.004132314443997996,37.5,27,FALSE
39,pit_bid,borer,Pinus sylvestris,m3,1,1,DE,15,5,0,3,64,187344.31372549012,0.026862849221968278,33.333333333333336,24,FALSE
39,neo_ser,defoliator,Pinus sylvestris,ha,3,3,"BG,CZ,DE",24,5,1,2,30,42466.45021645022,0.34078641154973377,20.833333333333332,16,FALSE
41,uro_sir_spp,borer,Picea abies,m3,1,1,DE,15,4,0,1,13,34720.58823529415,0.004978501391984601,26.666666666666668,26,FALSE
42,CambXyl_con&BO,borer,Pinus sylvestris,m3,2,2,"DE,SI",16,3,1,2,34,688752.9811698266,0.09875862851891211,18.75,16,TRUE
42,tha_pit,defoliator,Pinus sylvestris,ha,3,3,"BG,DE,HR",17,3,2,3,52,120488.9411764706,0.9669043135385633,17.647058823529413,15,FALSE
42,den_mic,borer,Picea abies,m3,3,3,"CZ,DE,LT",24,3,1,0,7,3518.285714285714,5.044785015527422e-4,12.5,28,FALSE
45,CambXyl_con&BB_con&SM,borer,Picea abies,m3,1,1,DE,15,2,0,2,18,20364635.71428571,2.9200359902822886,13.333333333333334,3,TRUE
45,ips_ami,borer,Picea abies,m3,1,1,DE,15,2,0,1,11,436158.82352941175,0.06253976157754881,13.333333333333334,18,FALSE
45,Def_dec,defoliator,Aesculus spp.,ha,1,1,DE,15,2,0,0,2,132.33333333333334,0.0010619536496509912,13.333333333333334,19,TRUE
48,clo_ana,defoliator,"Populus, Salix ?",ha,1,1,RO,1,1,1,0,4,93,7.463099955985555e-4,100,20,FALSE
48,sap_car,borer,"Populus, Salix",m3,1,1,DE,15,1,0,0,1,29.4117647058824,4.217281992363071e-6,6.666666666666667,29,FALSE
