country,species,unit,n_regions,year_min,year_max,n_years,n_rows,n_na,n_zero,n_pos,years_all_zero
AT,CambXyl_con&BB_con&BO,m3,9,2002,2022,21,189,0,70,119,
AT,Def_dec&DB,ha,9,2002,2022,21,189,0,117,72,
AT,dip_sp,ha,9,2002,2022,21,189,0,146,43,
AT,ips_typ,m3,9,2002,2022,21,189,0,1,188,
AT,lym_dis,ha,9,2002,2022,21,189,0,142,47,2009
AT,pha_cya,m3,9,2002,2022,21,189,0,113,76,
AT,pit_cha,m3,9,2002,2022,21,189,0,4,185,
AT,pit_spp,m3,9,2002,2022,21,189,0,55,134,
AT,tet_gab,m3,9,2002,2022,21,189,0,112,77,
AT,tom_spp,m3,9,2002,2022,21,189,0,39,150,
BG,geo_db,ha,1,2005,2022,18,18,0,6,12,"2005,2006,2011,2020,2021,2022"
BG,geo_db,NA,1,2000,2004,5,5,5,0,0,"2000,2001,2002,2003,2004"
BG,ips_acu,m3,1,2005,2022,18,18,0,0,18,
BG,ips_acu,NA,1,2000,2004,5,5,5,0,0,"2000,2001,2002,2003,2004"
BG,ips_sex,m3,1,2005,2022,18,18,0,3,15,"2011,2012,2014"
BG,ips_sex,NA,1,2000,2004,5,5,5,0,0,"2000,2001,2002,2003,2004"
BG,ips_typ,m3,1,2005,2022,18,18,0,0,18,
BG,ips_typ,NA,1,2000,2004,5,5,5,0,0,"2000,2001,2002,2003,2004"
BG,lym_dis,ha,1,2005,2022,18,18,0,7,11,"2006,2008,2015,2016,2017,2018,2022"
BG,lym_dis,NA,1,2000,2004,5,5,5,0,0,"2000,2001,2002,2003,2004"
BG,neo_ser,ha,1,2005,2022,18,18,0,2,16,"2014,2015"
BG,neo_ser,NA,1,2000,2004,5,5,5,0,0,"2000,2001,2002,2003,2004"
BG,tha_pit,ha,1,2005,2022,18,18,0,0,18,
BG,tha_pit,NA,1,2000,2004,5,5,5,0,0,"2000,2001,2002,2003,2004"
BG,tor_vir,ha,1,2000,2022,23,23,0,15,8,"2000,2001,2002,2003,2004,2005,2006,2008,2011,2015,2018,2019,2020,2021,2022"
CH,ips_typ,m3,1,2000,2022,23,23,0,0,23,
CZ,CambXyl_con&BB_con&SM,m3,8,2000,2022,23,322,0,0,322,
CZ,CambXyl_con&MD,m3,8,2000,2022,23,322,0,148,174,
CZ,Def_dec&DB,ha,8,2000,2022,23,322,0,175,147,
CZ,cep_spp,ha,8,2000,2022,23,322,0,175,147,
CZ,den_mic,m3,8,2000,2022,23,322,0,321,1,"2001,2002,2003,2004,2005,2006,2007,2008,2009,2010,2011,2012,2013,2014,2015,2016,2017,2018,2019,2020,2021,2022"
CZ,ips_acu,m3,8,2000,2022,23,322,0,86,236,
CZ,ips_dup,m3,8,2000,2022,23,322,0,91,231,
CZ,ips_sex,m3,8,2000,2022,23,322,0,123,199,
CZ,lym_dis,ha,8,2000,2022,23,322,0,309,13,"2000,2001,2002,2003,2004,2005,2007,2008,2009,2010,2011,2012,2013,2014,2015,2016,2021,2022"
CZ,lym_mon,ha,8,2000,2022,23,322,0,217,105,
CZ,neo_ser,ha,8,2000,2022,23,322,0,320,2,"2002,2003,2004,2005,2006,2007,2008,2009,2010,2011,2012,2013,2014,2015,2016,2017,2018,2019,2020,2021,2022"
CZ,pan_fla,ha,8,2000,2022,23,322,0,321,1,"2000,2001,2002,2003,2004,2005,2006,2007,2008,2009,2010,2011,2012,2013,2014,2015,2016,2017,2019,2020,2021,2022"
CZ,pha_cya,m3,8,2000,2022,23,322,0,110,212,
CZ,pit_spp,m3,8,2000,2022,23,322,0,135,187,
CZ,pol_pol,m3,8,2000,2022,23,322,0,110,212,
CZ,pri_abi,ha,8,2000,2022,23,322,0,189,133,
CZ,sco_int,m3,8,2000,2022,23,322,0,213,109,"2002,2008"
CZ,sco_rat,m3,8,2000,2022,23,322,0,220,102,"2002,2008"
CZ,tet_gab,m3,8,2000,2022,23,322,0,318,4,"2000,2001,2004,2005,2006,2007,2008,2009,2010,2011,2012,2013,2014,2015,2016,2017,2018,2019,2020,2021,2022"
CZ,tom_spp,m3,8,2000,2022,23,322,0,52,270,
CZ,zei_gri,ha,8,2000,2022,23,322,0,238,84,"2000,2003,2004,2005"
DE,CambXyl_con&BB_con&BO,m3,15,2000,2022,23,345,0,320,25,"2000,2006,2018,2019,2020,2021,2022"
DE,CambXyl_con&BB_con&SM,m3,15,2000,2022,23,345,0,327,18,"2000,2001,2002,2003,2004,2006,2010,2011,2018,2019,2020,2021,2022"
DE,CambXyl_con&BO,m3,15,2000,2022,23,345,0,334,11,"2000,2001,2002,2003,2004,2005,2006,2007,2008,2009,2010,2011,2013,2014,2018,2019,2020"
DE,CambXyl_con&MD,m3,15,2000,2022,23,345,0,330,15,"2000,2001,2002,2003,2004,2006,2010,2011"
DE,Def_dec,ha,15,2000,2022,23,345,0,343,2,"2000,2001,2002,2003,2004,2005,2006,2007,2008,2009,2010,2011,2012,2013,2015,2016,2018,2019,2020,2021,2022"
DE,Def_dec&DB,ha,15,2000,2022,23,345,0,280,65,
DE,agr_big,m3,15,2000,2022,23,345,0,199,146,
DE,agr_vir,m3,15,2000,2022,23,345,0,288,57,
DE,bup_pin,ha,15,2000,2022,23,345,0,290,55,"2020,2021,2022"
DE,den_mic,m3,15,2000,2022,23,345,0,344,1,"2000,2001,2002,2003,2004,2005,2006,2007,2008,2009,2010,2011,2012,2013,2014,2015,2016,2017,2018,2019,2020,2022"
DE,den_pin,ha,15,2000,2022,23,345,0,311,34,"2009,2012,2017"
DE,dip_sp,ha,15,2000,2022,23,345,0,288,57,
DE,era_def,ha,15,2000,2022,23,345,0,304,41,"2016,2017,2018,2019,2020,2021"
DE,geo_db,ha,15,2000,2022,23,345,0,297,48,
DE,ips_acu,m3,15,2000,2022,23,345,0,287,58,
DE,ips_ami,m3,15,2000,2022,23,345,0,334,11,"2002,2004,2005,2007,2014,2015,2016,2017,2018,2020,2021,2022"
DE,ips_cem,m3,15,2000,2022,23,345,0,151,194,
DE,ips_sex,m3,15,2000,2022,23,345,0,265,80,2018
DE,ips_typ,m3,15,2000,2022,23,345,0,142,203,
DE,lym_dis,ha,15,2000,2022,23,345,0,262,83,
DE,lym_mon,ha,15,2000,2022,23,345,0,290,55,"2000,2020,2021,2022"
DE,mel_spp,ha,15,2000,2022,23,345,0,262,83,
DE,neo_ser,ha,15,2000,2022,23,345,0,333,12,"2001,2006,2007,2010,2012,2013,2014,2015,2016,2017,2018,2022"
DE,ope_spp,ha,15,2000,2022,23,345,0,298,47,"2021,2022"
DE,pan_fla,ha,15,2000,2022,23,345,0,316,29,"2006,2009,2013,2014,2015,2016,2020,2021,2022"
DE,pha_cya,m3,15,2000,2022,23,345,0,163,182,
DE,pis_pin,m3,15,2000,2022,23,345,0,283,62,
DE,pit_bid,m3,15,2000,2022,23,345,0,281,64,
DE,pit_cha,m3,15,2000,2022,23,345,0,148,197,
DE,pit_spp,m3,15,2000,2022,23,345,0,285,60,2009
DE,pri_abi,ha,15,2000,2022,23,345,0,295,50,2015
DE,sap_car,m3,15,2000,2022,23,345,0,344,1,"2000,2001,2002,2003,2004,2005,2006,2007,2008,2009,2010,2011,2012,2013,2014,2015,2016,2017,2018,2019,2020,2022"
DE,sco_int,m3,15,2000,2022,23,345,0,281,64,2003
DE,sco_rat,m3,15,2000,2022,23,345,0,308,37,2003
DE,sco_sco,m3,15,2000,2022,23,345,0,318,27,"2005,2017,2018,2020,2021,2022"
DE,tet_gab,m3,15,2000,2022,23,345,0,253,92,
DE,tet_spp,m3,15,2000,2022,23,345,0,267,78,
DE,tha_pit,ha,15,2000,2022,23,345,0,334,11,"2000,2001,2002,2003,2004,2005,2006,2007,2008,2009,2011,2014"
DE,tha_pro,ha,15,2000,2022,23,345,0,236,109,
DE,tom_spp,m3,15,2000,2022,23,345,0,176,169,
DE,tor_vir,ha,15,2000,2022,23,345,0,242,103,
DE,uro_sir_spp,m3,15,2000,2022,23,345,0,332,13,"2000,2001,2003,2005,2006,2007,2011,2014,2015,2019,2022"
DE,xyl_lin,m3,15,2000,2022,23,345,0,198,147,
DE,xyl_spp,m3,15,2000,2022,23,345,0,220,125,2013
DE,zei_gri,ha,15,2000,2022,23,345,0,341,4,"2000,2001,2004,2005,2006,2007,2008,2009,2010,2011,2012,2013,2016,2017,2018,2019,2020,2021,2022"
FI,ips_typ,m3,17,2012,2022,11,187,0,46,141,
HR,CambXyl_con&BB_con&BO,m3,1,2000,2022,23,23,0,4,19,"2000,2001,2002,2003"
HR,geo_db,ha,1,2000,2022,23,23,0,2,21,"2021,2022"
HR,ips_typ,m3,1,2000,2022,23,23,0,0,23,
HR,lym_dis,ha,1,2000,2022,23,23,0,7,16,"2001,2002,2010,2011,2013,2017,2022"
HR,pit_spp,m3,1,2000,2022,23,23,0,0,23,
HR,tha_pit,ha,1,2000,2022,23,23,0,0,23,
HU,ips_typ,m3,1,2000,2022,23,23,0,0,23,
HU,lym_dis,ha,1,2000,2022,23,23,0,0,23,
IT,ips_typ,m3,1,2000,2022,23,23,0,0,23,
IT,pit_cha,m3,1,2000,2022,23,23,0,19,4,"2000,2004,2005,2006,2007,2008,2009,2010,2011,2012,2013,2014,2015,2016,2017,2018,2019,2021,2022"
LT,den_mic,m3,1,2000,2022,23,23,0,18,5,"2000,2001,2002,2003,2004,2005,2006,2007,2010,2013,2014,2015,2017,2018,2019,2020,2021,2022"
LT,den_pin,ha,1,2000,2022,23,23,0,18,5,"2000,2001,2002,2004,2005,2006,2007,2011,2013,2014,2015,2016,2017,2018,2019,2020,2021,2022"
LT,dip_sp,ha,1,2000,2022,23,23,0,20,3,"2000,2001,2002,2003,2004,2005,2006,2007,2008,2009,2012,2013,2014,2015,2016,2017,2018,2019,2020,2021"
LT,geo_db,ha,1,2000,2022,23,23,0,17,6,"2000,2001,2002,2007,2008,2009,2011,2012,2013,2015,2016,2017,2018,2019,2020,2021,2022"
LT,ips_acu,m3,1,2000,2022,23,23,0,2,21,"2015,2017"
LT,ips_typ,m3,1,2000,2022,23,23,0,0,23,
LT,lym_dis,ha,1,2000,2022,23,23,0,15,8,"2000,2001,2002,2005,2006,2007,2012,2013,2014,2015,2016,2017,2020,2021,2022"
LT,lym_mon,ha,1,2000,2022,23,23,0,16,7,"2000,2003,2004,2005,2006,2007,2009,2010,2011,2012,2013,2014,2015,2016,2017,2022"
LT,pan_fla,ha,1,2000,2022,23,23,0,20,3,"2002,2003,2004,2005,2006,2007,2008,2010,2011,2012,2013,2014,2015,2016,2017,2018,2019,2020,2021,2022"
LT,pha_cya,m3,1,2000,2022,23,23,0,19,4,"2000,2001,2005,2007,2008,2009,2010,2011,2012,2013,2014,2015,2016,2017,2018,2019,2020,2021,2022"
LT,pis_pin,m3,1,2000,2022,23,23,0,3,20,"2020,2021,2022"
LT,pit_cha,m3,1,2000,2022,23,23,0,4,19,"2017,2018,2021,2022"
LT,pol_pol,m3,1,2000,2022,23,23,0,4,19,"2016,2017,2018,2020"
LT,sco_rat,m3,1,2000,2022,23,23,0,16,7,"2000,2001,2002,2003,2005,2010,2011,2012,2015,2016,2017,2018,2019,2020,2021,2022"
LT,sco_sco,m3,1,2000,2022,23,23,0,22,1,"2000,2001,2002,2003,2004,2005,2006,2007,2008,2009,2010,2011,2012,2013,2014,2016,2017,2018,2019,2020,2021,2022"
LT,tom_spp,m3,1,2000,2022,23,23,0,5,18,"2017,2018,2020,2021,2022"
LT,tor_vir,ha,1,2000,2022,23,23,0,8,15,"2002,2014,2015,2016,2017,2019,2021,2022"
PL,agr_big,m3,17,2003,2022,20,340,0,0,340,
PL,bup_pin,ha,17,2003,2022,20,340,0,236,104,"2013,2014,2015,2016,2017,2018,2019,2020"
PL,den_pin,ha,17,2003,2022,20,340,0,202,138,
PL,dip_sp,ha,17,2003,2022,20,340,0,133,207,
PL,geo_db,ha,17,2003,2022,20,340,0,135,205,
PL,ips_acu,m3,17,2003,2022,20,340,0,254,86,"2003,2004,2005,2006,2007,2008,2009,2010,2011,2012,2013,2014"
PL,ips_typ,m3,17,2003,2022,20,340,0,0,340,
PL,lym_mon,ha,17,2003,2022,20,340,0,96,244,
PL,mel_spp,ha,17,2003,2022,20,340,0,40,300,
PL,pan_fla,ha,17,2003,2022,20,340,0,190,150,2021
PL,pha_cya,m3,17,2003,2022,20,340,0,48,292,
PL,tom_spp,m3,17,2003,2022,20,340,0,201,139,
PL,tor_vir,ha,17,2003,2022,20,340,0,150,190,"2003,2004"
RO,clo_ana,ha,1,2000,2022,23,23,0,19,4,"2000,2001,2002,2003,2004,2005,2006,2007,2008,2009,2010,2011,2012,2013,2014,2015,2016,2017,2018"
RO,geo_db,ha,1,2000,2022,23,23,0,6,17,"2003,2004,2016,2020,2021,2022"
RO,ips_dup,m3,1,2000,2021,22,22,0,15,7,"2000,2001,2002,2003,2004,2005,2006,2007,2008,2009,2010,2011,2012,2013,2014"
RO,ips_typ,m3,1,2000,2021,22,22,0,0,22,
RO,lym_dis,ha,1,2000,2022,23,23,0,2,21,"2016,2017"
RO,tor_vir,ha,1,2000,2022,23,23,0,2,21,"2021,2022"
RS,ips_typ,m3,1,2003,2022,20,20,0,0,20,
RS,ips_typ,NA,1,2000,2002,3,3,3,0,0,"2000,2001,2002"
RS,lym_dis,ha,1,2000,2022,23,23,0,9,14,"2000,2001,2006,2007,2008,2015,2016,2017,2018"
SE,ips_typ,m3,1,2000,2022,23,23,0,10,13,"2000,2001,2002,2003,2004,2005,2012,2013,2014,2017"
SI,CambXyl_con&BO,m3,1,2000,2022,23,23,0,0,23,
SI,ips_typ,m3,1,2000,2022,23,23,0,0,23,
SI,pit_cha,m3,1,2000,2022,23,23,0,14,9,"2000,2001,2002,2003,2004,2005,2006,2007,2008,2009,2010,2011,2012,2013"
SI,pit_spp,m3,1,2000,2022,23,23,0,0,23,
SK,ips_acu,m3,1,2000,2021,22,22,0,0,22,
SK,ips_dup,m3,1,2000,2021,22,22,1,0,21,2007
SK,ips_typ,m3,1,2000,2021,22,22,0,0,22,
SK,lym_dis,ha,1,2000,2021,22,22,0,10,12,"2009,2010,2011,2013,2014,2015,2016,2018,2020,2021"
SK,pit_cha,m3,1,2000,2021,22,22,0,0,22,
