species,unit,host,treetype,sp_category,countries,n_countries
CambXyl_con&BB_con&BO,m3,Pinus sylvestris,con,CambXyl_con,"AT,DE,HR",3
CambXyl_con&BB_con&SM,m3,Picea abies,con,CambXyl_con/CambXyl_dec/Def_con/Def_dec,"CZ,DE",2
CambXyl_con&BO,m3,Pinus sylvestris,con,CambXyl_con,"DE,SI",2
CambXyl_con&MD,m3,Larix decidua,con,CambXyl_con/CambXyl_dec/Def_con/Def_dec,"CZ,DE",2
Def_dec,ha,Aesculus spp.,dec,Def_dec,DE,1
Def_dec&DB,ha,Quercus spp.,dec,CambXyl_con/CambXyl_dec/Def_con/Def_dec,"AT,CZ,DE",3
agr_big,m3,Quercus spp.,dec,CambXyl_dec,"DE,PL",2
agr_vir,m3,Quercus spp.,dec,CambXyl_dec,DE,1
bup_pin,ha,Pinus sylvestris,con,Def_con,"DE,PL",2
cep_spp,ha,Picea abies,con,CambXyl_con/CambXyl_dec/Def_con/Def_dec,CZ,1
clo_ana,ha,"Populus, Salix ?",dec,Def_dec,RO,1
den_mic,m3,Picea abies,con,CambXyl_con/CambXyl_dec/Def_con/Def_dec,"CZ,DE,LT",3
den_pin,ha,Pinus sylvestris,con,Def_con,"DE,LT,PL",3
dip_sp,ha,Pinus sylvestris,con,Def_con,"AT,DE,LT,PL",4
era_def,ha,Quercus spp.,dec,Def_dec,DE,1
geo_db,ha,Quercus spp.,dec,Def_dec,"BG,DE,HR,LT,PL,RO",6
ips_acu,m3,Pinus sylvestris,con,CambXyl_con/CambXyl_dec/Def_con/Def_dec,"BG,CZ,DE,LT,PL,SK",6
ips_ami,m3,Picea abies,con,CambXyl_con,DE,1
ips_cem,m3,Larix decidua,con,CambXyl_con,DE,1
ips_dup,m3,Picea abies,con,CambXyl_con/CambXyl_dec/Def_con/Def_dec,"CZ,RO,SK",3
ips_sex,m3,Pinus sylvestris,con,CambXyl_con/CambXyl_dec/Def_con/Def_dec,"BG,CZ,DE",3
ips_typ,m3,Picea abies,con,CambXyl_con,"AT,BG,CH,DE,FI,HR,HU,IT,LT,PL,RO,RS,SE,SI,SK",15
lym_dis,ha,Quercus spp.,dec,CambXyl_con/CambXyl_dec/Def_con/Def_dec,"AT,BG,CZ,DE,HR,HU,LT,RO,RS,SK",10
lym_mon,ha,Picea abies,con,CambXyl_con/CambXyl_dec/Def_con/Def_dec,"CZ,DE,LT,PL",4
mel_spp,ha,Quercus spp.,dec,Def_dec,"DE,PL",2
neo_ser,ha,Pinus sylvestris,con,CambXyl_con/CambXyl_dec/Def_con/Def_dec,"BG,CZ,DE",3
ope_spp,ha,Quercus spp.,dec,Def_dec,DE,1
pan_fla,ha,Pinus sylvestris,con,CambXyl_con/CambXyl_dec/Def_con/Def_dec,"CZ,DE,LT,PL",4
pha_cya,m3,Pinus sylvestris,con,CambXyl_con/CambXyl_dec/Def_con/Def_dec,"AT,CZ,DE,LT,PL",5
pis_pin,m3,Pinus sylvestris,con,CambXyl_con,"DE,LT",2
pit_bid,m3,Pinus sylvestris,con,CambXyl_con,DE,1
pit_cha,m3,Picea abies,con,CambXyl_con,"AT,DE,IT,LT,SI,SK",6
pit_spp,m3,Abies alba,con,CambXyl_con/CambXyl_dec/Def_con/Def_dec,"AT,CZ,DE,HR,SI",5
pol_pol,m3,Picea abies,con,CambXyl_con/CambXyl_dec/Def_con/Def_dec,"CZ,LT",2
pri_abi,ha,Picea abies,con,CambXyl_con/CambXyl_dec/Def_con/Def_dec,"CZ,DE",2
sap_car,m3,"Populus, Salix",dec,CambXyl_dec,DE,1
sco_int,m3,Quercus spp.,dec,CambXyl_con/CambXyl_dec/Def_con/Def_dec,"CZ,DE",2
sco_rat,m3,Betula spp.,dec,CambXyl_con/CambXyl_dec/Def_con/Def_dec,"CZ,DE,LT",3
sco_sco,m3,Ulmus spp.,dec,CambXyl_dec,"DE,LT",2
tet_gab,m3,Larix decidua,con,CambXyl_con/CambXyl_dec/Def_con/Def_dec,"AT,CZ,DE",3
tet_spp,m3,Picea abies,con,CambXyl_con,DE,1
tha_pit,ha,Pinus sylvestris,con,Def_con,"BG,DE,HR",3
tha_pro,ha,Quercus spp.,dec,Def_dec,DE,1
tom_spp,m3,Pinus sylvestris,con,CambXyl_con/CambXyl_dec/Def_con/Def_dec,"AT,CZ,DE,LT,PL",5
tor_vir,ha,Quercus spp.,dec,Def_dec,"BG,DE,LT,PL,RO",5
uro_sir_spp,m3,Picea abies,con,CambXyl_con,DE,1
xyl_lin,m3,Picea abies,con,CambXyl_con,DE,1
xyl_spp,m3,Quercus spp.,dec,CambXyl_dec,DE,1
zei_gri,ha,Picea abies,con,CambXyl_con/CambXyl_dec/Def_con/Def_dec,"CZ,DE",2
