country,nuts_id,species,zero_years
AT,AT11,lym_dis,4
AT,AT11,pha_cya,9
BG,BG,lym_dis,4
BG,BG,tor_vir,5
CZ,CZ05,pol_pol,4
DE,DE1,CambXyl_con&BB_con&BO,9
DE,DE1,CambXyl_con&BB_con&SM,5
DE,DE1,sco_int,5
DE,DE1,tom_spp,5
DE,DE1,xyl_spp,12
DE,DE2,era_def,6
DE,DE2,tha_pro,5
DE,DE4,Def_dec&DB,5
DE,DE4,era_def,7
DE,DE4,tet_gab,5
DE,DE4,tor_vir,11
DE,DE7,Def_dec&DB,17
DE,DE7,bup_pin,17
DE,DE7,ips_cem,17
DE,DE7,ips_typ,17
DE,DE7,mel_spp,17
DE,DE7,pan_fla,17
DE,DE7,pha_cya,17
DE,DE7,pis_pin,17
DE,DE7,pit_cha,17
DE,DE7,tet_gab,17
DE,DE7,tet_spp,17
DE,DE7,tom_spp,17
DE,DE8,bup_pin,12
DE,DE8,tom_spp,13
DE,DE8,tor_vir,11
DE,DE8,xyl_lin,4
DE,DEA,ips_typ,5
DE,DEA,pha_cya,5
DE,DEA,pit_cha,5
DE,DEB; DEC,CambXyl_con&BB_con&BO,5
DE,DEB; DEC,CambXyl_con&BB_con&SM,5
DE,DEB; DEC,Def_dec&DB,6
DE,DEB; DEC,agr_vir,5
DE,DEB; DEC,pit_spp,6
DE,DEB; DEC,sco_int,5
DE,DEB; DEC,tom_spp,5
DE,DED,ope_spp,14
DE,DEE,agr_big,16
DE,DEE,ips_cem,16
DE,DEE,ips_sex,16
DE,DEE,ips_typ,16
DE,DEE,ope_spp,16
DE,DEE,pha_cya,16
DE,DEE,pit_cha,16
DE,DEE,tha_pro,13
DE,DEE,tom_spp,16
DE,DEE,tor_vir,16
DE,DEE,xyl_lin,16
DE,DEE,xyl_spp,16
DE,DEF,agr_big,7
DE,DEF,ips_ami,10
DE,DEF,tet_spp,5
DE,DEF,tor_vir,7
DE,DEF,xyl_lin,6
LT,LT,lym_dis,6
LT,LT,lym_mon,5
LT,LT,sco_rat,8
PL,BIA,bup_pin,11
PL,BIA,dip_sp,9
PL,BIA,tom_spp,10
PL,GDA,pan_fla,4
PL,KAT,geo_db,6
PL,KAT,tom_spp,9
PL,KRA,tom_spp,4
PL,KRO,pha_cya,6
PL,KRO,tom_spp,12
PL,LUB,den_pin,8
PL,LUB,lym_mon,4
PL,LUB,tom_spp,8
PL,LUB,tor_vir,6
PL,OLS,bup_pin,11
PL,OLS,pha_cya,6
PL,OLS,tom_spp,9
PL,PIL,bup_pin,10
PL,PIL,pan_fla,4
PL,PIL,tor_vir,9
PL,POZ,tom_spp,10
PL,RAD,pha_cya,9
PL,RAD,tom_spp,7
PL,RAD,tor_vir,4
PL,SZ2,bup_pin,8
PL,SZ2,geo_db,7
PL,SZ2,tom_spp,11
PL,TOR,bup_pin,8
PL,TOR,tor_vir,7
PL,WAR,bup_pin,11
PL,WAR,lym_mon,5
PL,WRO,bup_pin,4
PL,WRO,den_pin,4
PL,WRO,pan_fla,4
PL,ZIE,dip_sp,4
RS,RS,lym_dis,4
SK,SK,lym_dis,4
